Date,Ticker,ArticleCount,Tone,Polarity,WordCount
2015-02-21,GOOGL,15,1.1270704058171555,6.239086727968852,0.8831712429300308
2015-02-24,GOOGL,8,0.45139004259120213,4.964659420389692,0.7455603354769352
2015-02-24,WFC,1,-4.3343653250774,6.5015479876161,0.464396284829721
2015-02-27,EVR,3,-1.264141276863924,5.4136694552300995,2.62616214906291
2015-02-27,GOOGL,11,-0.7280919941244314,5.214361430848886,1.1171783237366382
2015-02-27,SPPI,1,0.863930885529158,2.15982721382289,0.0
2015-03-01,GOOGL,7,-0.4965898209084661,4.34021432927855,0.782225900577437
2015-03-01,ORCL,2,1.6747980071762292,5.789514442809575,0.20676837295748451
2015-03-01,WFC,1,1.94489465153971,3.24149108589951,0.486223662884927
2015-03-04,GOOGL,9,-1.7036510342430875,5.543983817897926,0.4921586621215677
2015-03-04,WFC,5,-6.00141276848316,8.086448848945569,0.34063599451434123
2015-03-06,GOOGL,7,-1.8456582445581748,5.300885521829464,0.7993478615397537
2015-03-06,WFC,8,-1.6989667426402613,6.442908910579533,0.6636056954455639
2015-03-08,GOOGL,2,1.00443664405028,4.06498720375234,0.8126458114839045
2015-03-10,GOOGL,5,0.7781816812896772,3.0055317731308238,1.8343619387917793
2015-03-10,ORCL,2,1.345665198674949,6.545387400993235,1.30107426127313
2015-03-10,WFC,2,1.480042748462515,3.07962094984809,0.44118274192360296
2015-03-14,GOOGL,6,0.15109530543031843,6.044333589788212,0.42649614887286963
2015-03-17,GOOGL,13,0.9065218410179591,4.811915532305756,1.7255003864034926
2015-03-17,ORCL,10,-0.2010995970652067,3.191299653643502,0.5727004804113678
2015-03-17,WFC,2,-1.0610295556860416,5.426815423761985,0.89058524173028
2015-03-18,GOOGL,22,0.42766090874381,3.9571827059915505,0.4165903979422952
2015-03-18,ORCL,1,2.04081632653061,5.10204081632653,1.02040816326531
2015-03-21,GOOGL,11,-0.003721581088290621,6.766802502595655,1.4401072765928908
2015-03-21,WFC,1,0.0,5.6980056980057,0.284900284900285
2015-03-26,GOOGL,27,-0.35122375788939697,5.489844448441862,0.6737856726550041
2015-03-26,ORCL,1,3.7037037037037,3.7037037037037,0.37037037037037
2015-03-26,WFC,3,4.952608900916303,5.1922569072533165,0.0
2015-03-29,GOOGL,7,-0.6093482835249404,6.358803906320472,1.1832774710688125
2015-04-01,EVR,1,2.87769784172662,3.35731414868106,0.0
2015-04-01,GOOGL,7,0.4810508619754513,4.604019008625274,0.8594742393760437
2015-04-02,GOOGL,8,0.18354473619996473,6.544812905629533,1.6910700119164155
2015-04-02,ORCL,1,0.510204081632653,4.59183673469388,2.04081632653061
2015-04-02,WFC,2,-0.3749687199623949,3.886167558099015,2.9636344714199874
2015-04-05,GOOGL,11,-1.4850507171693208,5.059722777387644,0.7059836396617115
2015-04-07,GOOGL,18,-1.6513163604245438,6.807287550912565,0.7303353153479845
2015-04-11,GOOGL,8,0.1896717462370206,4.69225076489634,0.6056616461304432
2015-04-11,WFC,3,0.08514958820769265,3.6023368974439336,1.053714662277353
2015-04-13,GOOGL,5,0.2280940120812523,4.8685618964083375,0.894150642632377
2015-04-13,WFC,9,-0.39638390639332477,5.0462410679997864,0.17567938089384677
2015-04-18,GOOGL,7,-1.047480531535902,6.183350306191393,1.279885990710095
2015-04-21,GOOGL,43,0.23436956873614104,5.777696532508024,1.626649002058529
2015-04-21,WFC,2,-0.2886836027713625,3.937125360043595,0.23094688221709
2015-04-24,GOOGL,27,-0.14693442252044575,4.451001776606369,0.6577546738241302
2015-04-24,WFC,1,-2.64550264550265,7.58377425044092,0.0
2015-04-28,GOOGL,15,0.326348892697368,5.523711402297883,1.973376836447646
2015-04-28,ORCL,2,1.2049941927990702,3.6149825783972096,1.2049941927990702
2015-05-02,GOOGL,3,-0.23822944789752723,5.63111482838429,3.7885368926675156
2015-05-02,WFC,9,0.5740420666494276,4.7843388739172354,0.6745813383899727
2015-05-05,GOOGL,13,0.38208577232972973,5.7394931308566575,0.5380801796525982
2015-05-05,ORCL,4,1.4480961075388337,4.3905956444656145,0.08169934640522875
2015-05-05,WFC,4,0.6449097605420311,6.36407383962084,0.6493550834906465
2015-05-10,WFC,1,1.44927536231884,2.27743271221532,0.62111801242236
2015-05-19,GOOGL,6,-1.6619274870915417,4.204033570415728,0.7266334750662492
2015-05-21,EVR,2,1.24707667811116,2.24473802060009,0.0
2015-05-21,GOOGL,18,3.01925561311058,5.507650587063154,0.9681270599236996
2015-05-21,ORCL,3,2.08519906869362,6.953893001841533,0.6590448036194797
2015-05-21,WFC,1,-0.985477178423237,4.20124481327801,0.881742738589212
2015-05-23,GOOGL,5,2.749506846401703,7.185730187266122,1.1134375667475163
2015-05-23,ORCL,1,1.7298937784522,6.28224582701062,0.546282245827011
2015-05-27,GOOGL,4,2.5442362876075206,7.527641206502272,2.6071774703873465
2015-06-01,GOOGL,1,-0.200400801603206,2.60521042084168,1.40280561122244
2015-06-01,ORCL,1,4.62962962962963,5.24691358024691,0.617283950617284
2015-06-02,GOOGL,19,0.8954921155402256,5.461504487156131,0.7196107584108156
2015-06-02,ORCL,2,2.58843434020223,4.04914085498528,1.229521310636121
2015-06-02,WFC,1,-1.10987791342952,2.44173140954495,0.0
2015-06-06,GOOGL,3,0.31561104961088265,5.990675399187887,2.876082241543637
2015-06-06,WFC,1,-0.366748166259169,5.25672371638142,0.97799511002445
2015-06-08,GOOGL,16,0.19863755250868503,5.5664989654597825,0.8791597142698587
2015-06-08,WFC,1,2.63157894736842,7.01754385964912,0.43859649122807
2015-06-16,GOOGL,21,0.30377448226077053,6.3121069842314235,1.0437271805082866
2015-06-19,GOOGL,10,0.28432828512060426,6.065274528240818,1.4515386235697612
2015-06-19,ORCL,1,-0.757575757575758,8.33333333333333,1.8595041322314
2015-06-19,WFC,2,0.17424242424242498,4.56818181818182,0.833333333333335
2015-06-25,GOOGL,12,0.7134347492417802,4.257627893438334,1.4597621547721105
2015-06-25,ORCL,14,3.148473906667102,5.487297147371408,1.1851219272561944
2015-06-25,WFC,4,3.8295507782144638,6.992555071242482,1.1828577019822974
2015-06-29,GOOGL,17,1.38815698365574,3.736614721830969,0.9920230419974414
2015-06-29,WFC,1,-0.801603206412826,7.01402805611222,0.801603206412826
2015-07-01,GOOGL,16,-0.34599408117262553,3.6046520652983904,0.7604833124444551
2015-07-01,WFC,1,1.44300144300144,4.61760461760462,1.44300144300144
2015-07-03,GOOGL,12,0.44291914364672413,4.715511618281921,1.506348919349999
2015-07-03,WFC,1,1.28410914927769,2.56821829855538,0.0
2015-07-12,GOOGL,1,0.606469002695418,3.16711590296496,8.08625336927224
2015-07-12,ORCL,1,2.59562841530055,4.23497267759563,5.60109289617486
2015-07-12,WFC,2,-4.8720141634924,6.5635542539393,0.2504173622704505
2015-07-15,GOOGL,17,-0.2058765612018305,4.896466411406191,1.0146826130267383
2015-07-15,ORCL,1,3.77622377622378,7.13286713286713,1.25874125874126
2015-07-16,GOOGL,15,0.9688296355934849,5.530516245659736,2.1516331789480954
2015-07-16,ORCL,1,-7.01186623516721,9.16936353829558,0.215749730312837
2015-07-16,WFC,1,-1.77580466148724,7.32519422863485,0.998890122086571
2015-07-17,GOOGL,16,0.9470345702324231,4.524929735371483,1.1730279355406494
2015-07-28,GOOGL,22,0.3127975715390782,5.993258972797282,1.1242973008467445
2015-07-28,ORCL,1,3.5,3.83333333333333,1.0
2015-07-28,WFC,1,1.9047619047619,3.17460317460317,0.952380952380952
2015-07-31,GOOGL,21,0.017847968790082776,5.1246760935319875,1.361925577006749
2015-07-31,ORCL,5,0.9575749924211362,5.346181982551576,1.3685726769448578
2015-07-31,WFC,6,1.506754794568483,4.377961110100725,1.1242157584114587
2015-08-01,GOOGL,5,-0.8449839746739081,6.11222446238789,0.6081193152223092
2015-08-01,ORCL,1,3.17712470214456,6.67196187450357,0.158856235107228
2015-08-01,WFC,1,0.963855421686747,5.78313253012048,0.240963855421687
2015-08-04,EVR,1,-2.79850746268657,5.78358208955224,0.746268656716418
2015-08-04,GOOGL,18,0.6827010265820841,5.074247996106074,0.5422994856064136
2015-08-04,ORCL,2,3.011358594373945,3.87893039902979,1.1218090927914321
2015-08-05,GOOGL,15,0.5738827486181192,5.504604014612663,0.943855120831311
2015-08-05,ORCL,5,0.2181657145854412,5.065703138056324,0.8133181511914639
2015-08-05,WFC,1,0.941176470588235,3.76470588235294,1.17647058823529
2015-08-11,GOOGL,26,1.1169094992572761,4.617344166098508,1.0615773294164939
2015-08-11,ORCL,1,-3.92156862745098,7.84313725490196,1.96078431372549
2015-08-11,WFC,4,2.8669997414312283,5.498539127378673,0.5255679416756525
2015-08-16,GOOGL,2,-2.5632336848388384,6.02025716275368,0.5294344409072825
2015-08-17,GOOGL,10,1.2369593990478744,4.166889932278856,1.4902551643973923
2015-08-17,ORCL,4,0.5768906072482552,4.367350266403145,1.0408131164350962
2015-08-17,WFC,2,-1.8997466130390999,4.720766257904,0.711892797319935
2015-08-19,GOOGL,17,0.15582440210861603,4.157244887179845,1.3999415595216396
2015-08-19,ORCL,1,1.12359550561798,1.12359550561798,1.12359550561798
2015-08-19,WFC,1,-1.364522417154,4.87329434697856,1.55945419103314
2015-08-21,GOOGL,10,-2.0042111574414827,5.682518626953715,0.953536806487335
2015-08-23,GOOGL,5,-0.6713309350925807,7.021594745226187,1.43705283382469
2015-08-26,GOOGL,9,0.9688698241266699,5.629934282263937,1.7574885115855148
2015-08-31,GOOGL,12,-5.007923510320251,8.55785409336232,0.8276119447388796
2015-08-31,WFC,2,-0.429184549356223,1.85979971387697,0.357653791130186
2015-09-01,GOOGL,22,0.06870410106237934,3.8693381278976946,1.4972938934729612
2015-09-01,ORCL,2,3.330304607722045,5.59261544061267,0.8512101743769831
2015-09-01,WFC,2,-0.11618761618761697,4.935292435292435,1.75890175890176
2015-09-03,GOOGL,4,1.0596567584646124,4.228120283870635,0.7396560864302797
2015-09-03,WFC,1,4.3010752688172,4.3010752688172,2.1505376344086
2015-09-05,GOOGL,6,-0.754080608155174,6.408195009165809,0.6802772417104208
2015-09-05,ORCL,1,2.96028880866426,6.42599277978339,1.08303249097473
2015-09-05,WFC,1,2.73556231003039,2.73556231003039,0.911854103343465
2015-09-06,GOOGL,8,1.7061814636191075,4.505635039954532,0.7037785747642058
2015-09-09,GOOGL,26,0.6793530834972017,4.365067337347759,0.878837934820189
2015-09-09,ORCL,2,0.631175999287813,3.5920947209116,1.1613104246416799
2015-09-09,WFC,1,3.42342342342342,5.22522522522523,0.900900900900901
2015-09-15,GOOGL,19,0.6693712069218781,4.664188898524819,0.7337534945802715
2015-09-15,ORCL,2,1.7250255612678398,4.241190363042005,1.265822784810125
2015-09-15,WFC,2,-0.76238612126654,4.85812915990234,0.957195618000364
2015-09-16,GOOGL,11,0.5360522956681981,3.892254588185047,0.7506995844991728
2015-09-16,ORCL,1,0.806451612903226,0.806451612903226,0.0
2015-09-16,WFC,1,0.508646998982706,5.79857578840285,0.508646998982706
2015-09-20,GOOGL,6,0.535175794108564,4.750510619144786,1.0638352739992396
2015-09-21,GOOGL,8,-5.9221904800651455,9.091802858661978,0.12679826373352227
2015-09-21,WFC,3,-2.1332923847128202,4.678846835616193,0.06138735420503367
2015-09-22,GOOGL,23,1.4966238090594353,4.904978906695353,0.9501211064058985
2015-09-22,HLF,2,0.370081274092942,9.992194400509419,0.3700812740929415
2015-09-22,ORCL,4,3.1569972376539743,5.59790493758491,1.1589679972051774
2015-09-22,WFC,1,-1.07843137254902,5.19607843137255,0.0980392156862745
2015-09-28,GOOGL,14,1.0967831336314895,5.0939774593522085,0.6406151823078511
2015-09-28,NP,1,0.0,4.0133779264214,0.0
2015-09-28,ORCL,2,1.9651592349492195,4.04978704655603,2.01048951048951
2015-09-28,WFC,12,-1.534955494449963,5.701399802784485,0.3538507199911409
2015-10-01,GOOGL,38,0.8558802355177643,5.221396093783035,0.9357388327291035
2015-10-01,ORCL,3,3.0977173289281965,4.532574918172057,1.9506469849413033
2015-10-01,WFC,6,2.5238989816282853,4.781612100334785,1.244121142522217
2015-10-05,GOOGL,5,0.21540943176816413,4.236076652479884,0.5962031208702624
2015-10-07,GOOGL,10,2.6890882853218887,5.710559706680475,1.6998742107375704
2015-10-07,ORCL,4,2.1658116676337076,5.986781273294945,0.5346729648200232
2015-10-07,WFC,1,3.125,3.125,0.710227272727273
2015-10-08,GOOGL,12,-0.055517003069597726,5.851858280833842,1.2634181776833715
2015-10-08,HLF,1,-2.4390243902439,6.15563298490128,0.0
2015-10-08,ORCL,1,0.51150895140665,2.0460358056266,0.767263427109974
2015-10-08,WFC,2,0.6569686929368749,5.31509875167409,1.0272963660351766
2015-10-12,GOOGL,20,-2.7834671976072007,6.881719951712526,2.6050323721225928
2015-10-12,ORCL,2,0.29063523782336,3.49034161195166,0.063211125158028
2015-10-12,WFC,5,-0.31774683506003387,4.369557633894078,0.5996927527005236
2015-10-18,GOOGL,7,-1.9991472482499344,6.915310038418485,0.768012590868154
2015-10-18,ORCL,6,2.6528557041200282,5.429714447692601,0.322811915887257
2015-10-27,GOOGL,15,-0.5144907197543157,4.769036482908563,1.078751215789759
2015-10-27,ORCL,5,2.005231784257354,5.34605473457449,2.504427104174467
2015-10-27,WFC,1,0.882117080994387,6.65597433841219,0.801924619085806
2015-10-29,GOOGL,19,0.4927751399826443,4.965181404696473,1.0842084421807228
2015-10-29,ORCL,3,1.0172168088320956,4.7888147219173005,1.2285411762628495
2015-10-31,GOOGL,3,1.2300141072422572,4.82853309036055,3.906811183640983
2015-10-31,ORCL,1,-3.32409972299169,6.09418282548476,0.831024930747922
2015-10-31,WFC,1,-4.6749059645352,10.3707684040838,1.12842557764643
2015-11-03,GOOGL,17,0.825506187400163,4.49334068445139,0.5463796966725463
2015-11-09,GOOGL,10,0.8511548365616729,5.238757488838029,1.1198887438801222
2015-11-09,ORCL,1,1.4720314033366,3.82728164867517,0.98135426889107
2015-11-09,WFC,1,3.41880341880342,3.98860398860399,0.0
2015-11-12,GOOGL,3,-0.8440053308598957,5.30238033976692,0.393082190409086
2015-11-12,ORCL,1,3.25581395348837,4.88372093023256,0.930232558139535
2015-11-12,WFC,1,-1.0989010989011,3.84615384615385,1.37362637362637
2015-11-16,GOOGL,5,-1.3229080282746906,6.6145401413734515,0.8591399123326617
2015-11-26,GOOGL,5,0.42711245955597654,4.025356180299986,0.7425606186416343
2015-11-26,ORCL,1,-1.78571428571429,1.78571428571429,0.0
2015-11-29,GOOGL,4,-0.04165970322009305,5.729174432203452,0.9959637214468855
2015-11-30,GOOGL,12,0.8109054030439676,6.3162405160878405,0.8987060921214463
2015-11-30,ORCL,1,-0.914205344585092,6.9620253164557,0.281293952180028
2015-11-30,WFC,1,0.515463917525773,2.06185567010309,0.0
2015-12-03,GOOGL,19,0.934268953636336,4.557376555530769,1.4220995260014175
2015-12-03,ORCL,1,-0.740740740740741,2.22222222222222,0.0
2015-12-03,SPPI,1,-3.27868852459016,4.91803278688525,0.819672131147541
2015-12-03,WFC,1,0.722543352601156,1.87861271676301,0.289017341040462
2015-12-05,GOOGL,4,0.2165199984740335,5.276298367196167,0.9065379447168466
2015-12-05,NP,5,-3.875009419521958,5.070193983280348,0.1471140939597316
2015-12-08,GOOGL,8,0.45278616470071686,4.81574154147878,0.7644014254365211
2015-12-08,NP,1,-3.08924485125858,5.60640732265446,1.1441647597254
2015-12-08,WFC,1,0.991501416430595,2.12464589235127,0.28328611898017
2015-12-11,GOOGL,7,-0.7308266648893014,5.486895454847506,1.6123485632181578
2015-12-11,WFC,4,-0.9773292038158009,6.301608848108597,0.48026945487447675
2015-12-14,GOOGL,3,2.0004122949640224,5.015593225565037,3.544674689969727
2015-12-14,WFC,1,1.4520202020202,4.48232323232323,1.32575757575758
2015-12-15,GOOGL,21,-1.3447801096043936,6.410475593109008,1.101800656393309
2015-12-15,WFC,11,-3.288380957425578,5.439529452671341,0.4581325889729472
2015-12-17,GOOGL,21,-0.6185013154203173,5.529425756288708,0.4283113577566467
2015-12-17,NP,3,-6.6402322635767135,8.603561501822384,0.3016895977970873
2015-12-17,ORCL,1,0.421052631578947,3.78947368421053,0.0
2015-12-23,GOOGL,11,0.46420770226283226,4.944744650262237,1.5110048305950508
2015-12-23,ORCL,2,3.7633166989647853,6.585804223188376,1.431827538079985
2015-12-28,EVR,1,0.625,2.375,0.0
2015-12-28,GOOGL,6,-0.0745582758929728,3.6652313407845036,0.7891518008577192
2015-12-28,NP,1,-1.38888888888889,8.71212121212121,0.757575757575758
2015-12-28,ORCL,1,1.50537634408602,4.51612903225806,0.0
2015-12-28,WFC,2,-0.1294966963047548,6.071747502372045,0.437058058311616
2016-01-02,GOOGL,5,-0.9576529398935983,5.870485461202816,2.3025519144604067
2016-01-02,WFC,2,-0.349040139616056,4.7530323638464,0.942729262026463
2016-01-06,EVR,1,2.73037542662116,5.46075085324232,1.36518771331058
2016-01-06,GOOGL,16,-0.09105337233108533,5.581629436270207,1.6462582482374473
2016-01-06,ORCL,3,1.2001917853229014,4.586372690601017,0.6469064365898827
2016-01-06,WFC,1,3.34426229508197,8.32786885245902,0.0
2016-01-11,EVR,1,0.510204081632653,1.53061224489796,0.0
2016-01-11,GOOGL,13,0.15788703104561658,5.001317837346566,1.2964534188916625
2016-01-11,ORCL,1,1.44927536231884,3.76811594202899,4.05797101449275
2016-01-19,GOOGL,2,1.8682201687424649,7.04758078402112,1.738506571772945
2016-01-19,ORCL,1,1.9723865877712,5.91715976331361,0.0
2016-01-19,WFC,1,-3.15186246418338,8.50047755491881,1.05062082139446
2016-01-20,GOOGL,15,-0.17485836950554254,5.401363258290804,0.9412368762181791
2016-01-20,ORCL,1,2.56410256410256,3.41880341880342,0.427350427350427
2016-01-22,GOOGL,14,0.4605502659106522,5.433160876950554,0.6728139309950887
2016-01-22,ORCL,2,2.315539909476255,4.512057858562635,0.44160260555116504
2016-01-22,WFC,2,2.33773215263209,5.5227837624768545,0.6084880581026535
2016-01-24,GOOGL,7,-0.2524837110402372,4.868428295702854,0.617403007372035
2016-01-24,ORCL,2,0.0866991257244949,5.612067352820905,0.47334378512788045
2016-01-26,GOOGL,5,-1.027280322536468,6.002429918554438,0.7791557951329876
2016-01-31,GOOGL,22,-4.072608620858647,6.595734219501043,0.3717977690773067
2016-01-31,WFC,4,1.6088537336839601,3.96612524455843,0.11994584455695474
2016-02-01,GOOGL,17,-0.40927820206592036,5.6426565348600946,1.295395540931759
2016-02-01,ORCL,1,3.52941176470588,4.11764705882353,0.588235294117647
2016-02-03,GOOGL,10,0.7905282062474804,4.5773983841414845,1.084104914603771
2016-02-03,ORCL,2,-1.483516483516485,7.177822177822175,0.54945054945055
2016-02-03,WFC,4,-2.204050388697695,5.521537731081301,0.2525252525252525
2016-02-07,GOOGL,5,-0.6756757710868481,9.226431413250314,1.1341887040233831
2016-02-07,ORCL,1,1.45102781136638,8.46432889963724,3.3857315598549
2016-02-07,WFC,1,3.26209223847019,4.16197975253093,0.224971878515186
2016-02-08,EVR,1,0.272691858200234,3.85664199454616,3.7008180755746
2016-02-08,GOOGL,11,0.5871524935368946,4.682752244892793,1.5191132281511408
2016-02-08,ORCL,1,2.02702702702703,5.63063063063063,0.45045045045045
2016-02-08,WFC,1,2.00803212851406,2.40963855421687,0.200803212851406
2016-02-11,GOOGL,15,0.05622582206281604,5.583491362618362,0.7887731739369266
2016-02-11,ORCL,1,4.22360248447205,7.20496894409938,1.61490683229814
2016-02-11,WFC,2,1.2575131353242306,4.23257965611789,2.589110849980415
2016-02-16,GOOGL,10,-0.9793678596057557,6.76675464959825,1.5773965947917334
2016-02-16,WFC,2,1.5322136626004705,2.3841517625449598,0.1051524710830705
2016-02-18,GOOGL,11,-0.6563221892967103,6.6010930020259595,1.9224069715048437
2016-02-18,ORCL,1,0.207361327112494,6.94660445826853,1.91809227579057
2016-02-18,WFC,1,2.48211417725215,4.38020148926851,5.40224850343116
2016-02-21,GOOGL,3,-2.3358979773710984,5.48021725037946,0.9883504557120054
2016-02-21,ORCL,2,2.177915206977905,4.622149138485735,0.96830985915493
2016-02-21,WFC,1,1.61453077699294,2.4217961654894,0.302724520686176
2016-02-23,GOOGL,19,-1.5493039956665222,5.411301636448769,0.4518365173707842
2016-02-23,ORCL,1,0.413650465356774,4.96380558428128,0.827300930713547
2016-02-23,WFC,5,-1.3416592211056393,5.159772373166786,1.9485622262140907
2016-02-25,GOOGL,17,-0.8400027387593771,5.735447168932929,1.0406451138998507
2016-02-26,GOOGL,32,-2.010414514057387,6.349810320602518,1.587901973487264
2016-02-26,WFC,3,-0.0006396829653506261,3.8849376208086497,0.2537985372398793
2016-03-04,GOOGL,11,-0.5290857595478313,7.3734984976742854,1.1553169631605547
2016-03-04,ORCL,2,2.75919624047966,4.527143088640415,0.551936477070167
2016-03-07,AMSC,2,-0.8288915407622585,7.192501127427475,6.2032103300667245
2016-03-07,GOOGL,76,-4.271414963916766,8.729840154937316,0.4631985166599827
2016-03-07,ORCL,2,2.642223250759665,4.750098940830025,0.7420226859584516
2016-03-07,WFC,2,-0.79787234042553,6.461156516878615,0.8149052967627656
2016-03-09,GOOGL,17,-2.8304291088637146,6.793881659201033,0.5702835206963803
2016-03-09,SPPI,1,1.21580547112462,3.64741641337386,0.303951367781155
2016-03-10,GOOGL,9,2.277390206827579,6.063817696347328,1.1757072563730135
2016-03-10,WFC,1,1.79640718562874,2.9940119760479,0.598802395209581
2016-03-12,GOOGL,2,-0.51353171133689,6.225022695220774,0.662432458687998
2016-03-14,GOOGL,16,-0.8958127245693792,5.916070477929668,0.7642943896107822
2016-03-14,WFC,1,-3.41786108048512,9.81256890848953,0.110253583241455
2016-03-18,GOOGL,6,0.18817906298078535,5.179537818481183,0.8711329606268533
2016-03-22,GOOGL,16,-0.3596124558251892,5.757225146389894,0.5222578589025508
2016-03-22,ORCL,6,1.8325484466191773,5.41413448032235,1.797307030574018
2016-03-22,WFC,2,0.9788918205804751,7.0343007915567295,0.395778364116095
2016-03-23,EVR,2,0.184659090909091,3.22443181818182,1.171875
2016-03-23,GOOGL,21,1.3205234529995384,4.66774756763985,1.0374465796139496
2016-03-23,WFC,2,-6.83544303797468,7.84810126582278,0.0
2016-03-24,GOOGL,17,0.5749917608733464,5.882810029771341,0.8650316698808082
2016-03-24,ORCL,2,2.3731129690005046,4.242805732524575,0.820594987611353
2016-03-24,WFC,1,-6.01719197707736,8.30945558739255,0.0
2016-03-29,GOOGL,15,-2.8491154537681207,6.921663837157537,1.3579497871510742
2016-04-05,EVR,1,0.0,3.08483290488432,0.0
2016-04-05,GOOGL,6,-0.15542436695488548,6.269926548465115,2.247833410135511
2016-04-05,WFC,2,1.9274801215603,6.142541942467011,0.636942675159235
2016-04-15,GOOGL,9,1.5498718542650127,5.243683814498746,2.307104319110282
2016-04-15,WFC,1,-1.06888361045131,4.86935866983373,0.118764845605701
2016-04-17,GOOGL,2,0.3785357061669865,4.821509758711395,4.87143993764817
2016-04-17,WFC,1,4.16933932007697,4.554201411161,1.47530468248877
2016-04-19,GOOGL,20,-1.1806982078795154,6.096364180833284,1.270878168551397
2016-04-19,WFC,2,0.15048850283433002,3.21483988179245,2.0105419925301553
2016-04-22,GOOGL,51,-0.31774573683382995,6.2738851333283465,0.9539150304333717
2016-04-22,ORCL,3,0.8092857625146367,6.21821128756071,2.30375136771803
2016-04-22,WFC,1,1.51515151515152,2.12121212121212,0.0
2016-04-26,GOOGL,15,-0.6290031462062079,4.027368410918529,1.0690000821161658
2016-04-26,ORCL,1,1.5712343254268,3.71657350052878,1.04245354283124
2016-04-26,WFC,5,2.624549084795494,5.162173685485922,1.5707977689748276
2016-05-03,GOOGL,15,-0.10476870475728738,5.191488677474956,0.8687348050987965
2016-05-03,ORCL,1,-2.14446952595937,7.33634311512415,0.112866817155756
2016-05-03,WFC,3,1.6174691475423695,4.879262464252006,0.641183452375921
2016-05-05,GOOGL,9,-1.6364344260198844,5.872549482945535,0.541479039821618
2016-05-05,WFC,2,-0.09733405624899102,3.0040894723484746,0.3646782640795515
2016-05-07,GOOGL,15,-1.0633078367586621,5.362491833933266,1.6242196597504173
2016-05-07,WFC,2,1.9098773185207438,3.541650082111975,0.671785028790785
2016-05-09,GOOGL,17,0.5704060653998305,5.803325692864782,0.8567816981204048
2016-05-09,ORCL,1,4.2674253200569,4.55192034139403,1.42247510668563
2016-05-10,GOOGL,14,1.8418754365531709,4.866537557587629,0.8481716341648982
2016-05-10,WFC,2,2.8202688831584997,5.840155554999205,1.340451810496625
2016-05-12,GOOGL,11,-2.7315093567587145,6.186299614278415,0.7227008118110088
2016-05-12,ORCL,3,2.1129240661401467,4.347615707374423,1.1459290266016866
2016-05-12,WFC,1,1.41843971631206,4.41292356185973,2.67927501970055
2016-05-16,GOOGL,11,-0.4319025943526151,5.296702610300026,0.7398034286601717
2016-05-16,ORCL,2,-1.7002126647967906,5.454833609146425,1.100733822548365
2016-05-23,EVR,1,1.96078431372549,2.14752567693744,0.0
2016-05-23,GOOGL,18,1.4022197310447322,5.428976337996126,1.3146211327485409
2016-05-23,ORCL,2,-0.6701969414712651,6.653285407936785,1.4405773571271023
2016-05-23,WFC,4,-2.300808020705785,5.244707323863612,0.25697503671072
2016-05-25,GOOGL,23,-0.23333367756618095,5.14173117990386,1.2134175847482913
2016-05-25,WFC,3,0.608543292961171,4.225290351770533,1.1479233624428096
2016-05-28,GOOGL,11,0.2166359427038202,6.481574842645802,0.943533925123024
2016-05-28,ORCL,1,1.42082632267714,4.48681996634885,1.02822957562161
2016-05-31,GOOGL,17,-0.15613321418351786,5.3490121043085255,1.030658128844885
2016-05-31,ORCL,1,-1.30177514792899,5.56213017751479,0.236686390532544
2016-05-31,WFC,5,-0.17241612290353703,5.022052956541776,0.16285114348567742
2016-06-01,EVR,1,-1.58924205378973,3.54523227383863,0.0
2016-06-01,GOOGL,20,0.7601985841769032,5.237064003882525,0.981267454969576
2016-06-01,ORCL,3,0.9154881869408387,4.782907728494007,0.4711425206124867
2016-06-01,WFC,2,1.3857820329277035,3.28494094488189,0.924973156764497
2016-06-04,GOOGL,7,2.049867042630764,5.852488458299119,0.6324699160144194
2016-06-07,GOOGL,21,-0.3719926131853101,6.852733371840642,1.0732097940490086
2016-06-07,ORCL,1,-7.08661417322835,14.9606299212598,0.0
2016-06-08,GOOGL,42,0.63269750192846,4.900117795164445,1.0436484596038138
2016-06-08,ORCL,1,0.757575757575758,3.78787878787879,0.0
2016-06-08,WFC,2,-2.2058183171295584,5.480947366754284,0.634955822275707
2016-06-09,GOOGL,14,0.42151201117988746,5.070340482657259,0.6828388628258717
2016-06-13,GOOGL,13,1.439239067212804,4.210257944396722,0.6777109156795261
2016-06-13,WFC,3,1.4445694818139734,2.4413369293089002,0.4983837237474657
2016-06-18,GOOGL,4,2.834773558556586,7.106639224361975,0.19970704663820626
2016-06-18,ORCL,1,-2.53164556962025,6.50994575045208,0.54249547920434
2016-06-18,WFC,1,1.01694915254237,2.14689265536723,0.0
2016-06-21,EVR,1,0.959692898272553,1.34357005758157,0.383877159309021
2016-06-21,GOOGL,13,-0.13196424296322584,6.182625192612166,0.6513165580913355
2016-06-21,ORCL,1,4.56852791878173,5.58375634517767,2.53807106598985
2016-06-21,WFC,3,1.3829186315126012,2.9607274210444867,0.12180267965895232
2016-06-22,GOOGL,14,-0.11129712520040476,4.005509702638744,0.8117407254440251
2016-06-24,GOOGL,13,1.6337472450317647,4.2368220101061285,0.8868203743531139
2016-06-24,ORCL,2,1.547606182307355,4.30164445229015,1.4402955114359581
2016-06-24,WFC,2,-4.017564940457,5.920596309213289,1.3652393931401
2016-06-27,GOOGL,33,1.0463344505108456,4.608841846087657,0.8431786186692549
2016-06-27,ORCL,1,3.54767184035477,5.7649667405765,0.0
2016-06-27,WFC,2,-1.1612124273009201,7.513158829239035,2.1494069649071568
2016-07-01,GOOGL,5,3.237125950955563,5.848313952530472,0.5412094887622442
2016-07-01,ORCL,1,1.23762376237624,4.08415841584158,0.969471947194719
2016-07-08,GOOGL,35,-2.0084045233973855,6.9852907342257184,1.2380132103717862
2016-07-08,NP,1,-1.90459238163047,5.74937700249199,0.640797436810253
2016-07-08,ORCL,2,-0.835946697268585,10.36079261596905,0.55350553505535
2016-07-08,WFC,4,0.9300422851896468,4.36276136311953,0.7319819819819825
2016-07-10,GOOGL,6,1.3474994983541577,6.020849025912498,1.115302554627348
2016-07-10,WFC,1,2.01567749160134,2.46360582306831,0.223964165733483
2016-07-16,GOOGL,6,-0.4028223344175766,7.328259087034623,0.8457037368292039
2016-07-19,GOOGL,30,-0.3555173138580191,6.239997301317675,0.9116542077405566
2016-07-19,WFC,2,2.0998613037447966,5.4271844660194155,1.121359223300971
2016-07-22,GOOGL,13,1.4935201373179017,5.181658748228496,1.0318488709376916
2016-07-22,WFC,1,0.150375939849624,5.56390977443609,0.0
2016-07-23,GOOGL,6,0.7684971705058307,5.896822959256195,0.7150815001352938
2016-07-23,WFC,2,0.08594771241830051,5.18032679738562,1.582091503267975
2016-07-25,GOOGL,8,2.0160149185299288,6.76423376308685,1.2414195951283038
2016-07-25,WFC,3,-0.904454594781345,6.416917153930167,0.7112975254169039
2016-07-29,EVR,1,2.69662921348315,4.49438202247191,0.0
2016-07-29,GOOGL,18,0.18764385520706325,5.087360762656406,0.6243184485972284
2016-07-29,WFC,11,-0.6366140537943621,7.135568725833804,1.119148438100459
2016-07-31,GOOGL,3,1.9063275972055633,6.486739638106866,1.3325130391202384
2016-07-31,WFC,1,-3.87700534759358,8.9572192513369,0.267379679144385
2016-08-02,GOOGL,21,-0.25994333857968877,5.589579614304621,0.6487156891334277
2016-08-02,ORCL,1,2.72727272727273,3.45454545454545,2.72727272727273
2016-08-02,WFC,3,0.2308586400472293,3.49150891587899,1.5657169882600666
2016-08-04,GOOGL,20,0.5587111717804862,5.586069756062264,1.0251530003560756
2016-08-04,NP,1,-0.354969574036511,2.89046653144016,0.608519269776876
2016-08-04,WFC,1,2.86493860845839,7.23055934515689,1.22783083219645
2016-08-06,GOOGL,11,-0.3408947337701961,4.6971707952855715,0.7125159590635957
2016-08-06,WFC,5,2.0021483817250245,2.565266431663996,0.1351875071241308
2016-08-08,GOOGL,18,-0.10083018862122502,4.670850569172756,0.9134294718407467
2016-08-08,WFC,1,-1.21141070730754,5.3536537710043,0.508010941774131
2016-08-10,AMSC,1,3.47003154574132,3.47003154574132,0.0
2016-08-10,EVR,1,2.27848101265823,2.78481012658228,0.0
2016-08-10,GOOGL,6,-1.1766052047256894,5.0798085922681,0.5290851181944927
2016-08-10,ORCL,2,-2.067196292618335,8.174445547831825,1.031115524660709
2016-08-10,WFC,6,-0.23352218887249201,5.196003725751622,0.6407589441148068
2016-08-13,GOOGL,12,-0.5444087566980508,5.57068646228667,0.8953448165394732
2016-08-15,GOOGL,4,-0.20606908248338981,4.342013981235375,0.5312555405220023
2016-08-15,ORCL,1,0.707547169811321,3.06603773584906,0.0
2016-08-25,GOOGL,11,-1.0917108350108036,5.481112331379346,1.0648976298739306
2016-08-25,NP,1,-2.0910209102091,6.51906519065191,1.4760147601476
2016-08-25,ORCL,2,0.21472439269100999,6.861426124674431,0.5515693249419804
2016-08-25,WFC,5,-0.4833906295372274,4.710863964392763,0.5096958105294226
2016-08-27,GOOGL,6,0.6480884679124715,5.059932705738469,2.3424457662514473
2016-08-29,GOOGL,14,0.7901142177539292,5.15999230374626,1.3015958195988697
2016-08-29,WFC,1,-1.05633802816901,3.87323943661972,2.2887323943662
2016-09-02,GOOGL,11,1.8970445391733959,7.14247240564248,0.7468287562689401
2016-09-02,WFC,3,0.934148726310036,1.8860732321061,0.7163807351195316
2016-09-04,GOOGL,6,0.803451741513475,6.614357142136421,1.436101890330499
2016-09-04,MDRX,1,4.16666666666667,7.73809523809524,0.892857142857143
2016-09-04,WFC,1,2.45398773006135,3.06748466257669,0.0
2016-09-07,GOOGL,19,0.5846683698377053,4.492088852000848,1.2122461200561043
2016-09-07,ORCL,1,0.782778864970646,3.52250489236791,0.391389432485323
2016-09-07,WFC,1,-1.06060606060606,2.27272727272727,0.303030303030303
2016-09-08,GOOGL,10,0.8259964286887216,4.752904979461977,0.9642527938437908
2016-09-08,WFC,3,0.4346723270188366,3.5400759687110033,0.0
2016-09-10,GOOGL,17,-0.22681796176139304,3.4381762653141656,0.2902487148018294
2016-09-10,ORCL,2,-0.5926197458455524,5.312805474095795,0.7013685239491695
2016-09-10,WFC,2,2.739137814415025,4.65127767320851,0.0
2016-09-12,GOOGL,8,-0.5035091947244681,6.919632441577443,1.1813276867964926
2016-09-14,GOOGL,26,-0.0023138278593182226,4.293558773450786,1.0824244107531251
2016-09-14,WFC,11,-2.5775925259683614,6.96891110704066,0.41442350708338727
2016-09-16,GOOGL,19,-0.10040615921636774,5.684470751397288,1.085895273525372
2016-09-16,ORCL,2,-0.6893553595826599,4.6453856663768445,0.2008032128514055
2016-09-16,WFC,4,-3.3863799096882974,7.215486378177368,0.9082461398099064
2016-09-19,GOOGL,20,0.8561388452396621,6.7223171895551515,0.9305142294857891
2016-09-19,HLF,1,-0.809716599190283,4.8582995951417,0.809716599190283
2016-09-19,ORCL,4,1.560823965580265,4.354705968449682,0.6505008757051349
2016-09-19,WFC,18,-2.9144128864977383,5.9470326322277,0.30957006040450186
2016-09-23,GOOGL,22,-1.979091309691267,5.8704553768606935,0.7886400814902733
2016-09-23,ORCL,1,-1.92307692307692,4.48717948717949,0.0
2016-09-23,WFC,17,-4.230174686968797,6.750048860454719,0.3502512188224991
2016-09-25,GOOGL,4,-0.8270654327376328,7.302356208307545,1.0978449419848
2016-09-25,WFC,3,-6.521544245228452,9.632205513784461,0.093984962406015
2016-09-28,GOOGL,24,-0.06448982447682941,6.580687908682706,0.6868066210317915
2016-09-28,ORCL,3,1.3878521450395571,3.7408649232896933,0.970264950919553
2016-09-28,SPPI,1,-2.87878787878788,7.12121212121212,2.72727272727273
2016-09-28,WFC,14,-1.9848131880252136,6.534277736667995,0.8623790877043065
2016-09-29,GOOGL,13,-0.6249545411386138,5.308716128895697,1.1892180175866829
2016-09-29,ORCL,1,0.347222222222222,5.20833333333333,1.04166666666667
2016-09-29,WFC,21,-2.2932760694355245,6.760471516630712,0.33162872412424
2016-10-01,GOOGL,19,0.6789293931541277,4.772181108951924,1.267149560016156
2016-10-01,WFC,26,-2.3849945189723227,6.7702072510512235,0.7870245694230087
2016-10-03,GOOGL,7,0.6696233895675213,5.478547033119844,1.4177209319703168
2016-10-03,ORCL,1,-2.82485875706215,7.90960451977401,0.0
2016-10-03,WFC,9,-4.32586475949228,7.75313123717341,1.6686144173034418
2016-10-08,GOOGL,8,-0.5018409215986362,5.229888550140128,0.8174240569510505
2016-10-08,WFC,4,-2.17197195107772,6.99853887945079,0.402243377171586
2016-10-12,GOOGL,13,1.3275803794688674,5.301433506619665,0.9797675654487656
2016-10-12,ORCL,1,2.85714285714286,3.7593984962406,2.10526315789474
2016-10-12,WFC,6,-6.222273597215885,8.997733173784226,0.13347015833547116
2016-10-13,GOOGL,5,-1.0596343593775477,6.030303054713355,1.1809993633164981
2016-10-13,WFC,11,-2.3966346797179554,6.311033119385283,0.8483222107165342
2016-10-16,GOOGL,11,-0.36342935635231544,6.6904380756324,2.278646157823827
2016-10-16,WFC,1,1.0989010989011,6.81318681318681,0.21978021978022
2016-10-18,GOOGL,18,1.1985649780263237,5.765629311334168,1.3878606645765252
2016-10-18,ORCL,3,4.544674616658237,5.638308682482997,1.7542023578361505
2016-10-18,WFC,7,0.8120012114048369,4.718636297234769,0.9624932760303823
2016-10-24,GOOGL,17,0.15990697184444252,5.7261703553092085,0.9407266646120321
2016-10-24,WFC,4,0.7613908088581685,4.352048594491807,0.5370372777523684
2016-10-26,GOOGL,29,-0.29603460938990606,5.063590605581035,1.162673959722165
2016-10-26,ORCL,2,4.074220417392505,6.192692170141091,0.7674980676272769
2016-10-26,WFC,7,0.8868841664095013,5.654364779780176,2.343800034032931
2016-10-29,GOOGL,4,1.6556707065202576,7.553423909091615,0.5231676535574827
2016-11-03,GOOGL,11,0.4770425844082688,5.44799625447527,0.6867454498178822
2016-11-03,WFC,3,-1.5103874255703664,4.207629855741773,0.26060349138024735
2016-11-05,GOOGL,10,-0.7623446442401791,6.055718022379866,1.5360203931007992
2016-11-05,ORCL,1,3.515625,3.515625,0.0
2016-11-05,WFC,1,0.835654596100278,2.78551532033426,0.278551532033426
2016-11-07,GOOGL,6,0.37633907626705637,5.999505728327423,2.074376862212768
2016-11-07,ORCL,1,2.63157894736842,4.01662049861496,1.24653739612188
2016-11-07,WFC,2,-2.0123409500518097,7.2924800251435205,2.42792109256449
2016-11-10,GOOGL,10,0.20190462965683334,5.149360720091435,2.044532715160613
2016-11-10,WFC,6,-0.4626170775990501,6.10804193591299,0.2552539515673358
2016-11-19,GOOGL,9,1.7084301257506036,5.657099613936871,0.9563230218004856
2016-11-19,MDRX,1,-4.78260869565217,8.26086956521739,0.0
2016-11-19,WFC,6,-0.6607961247374318,4.732786967069576,0.34336481890619514
2016-11-21,GOOGL,10,-1.9265236092806681,6.83746190201928,0.781962062715251
2016-11-21,WFC,1,0.532859680284192,4.08525754884547,0.088809946714032
2016-11-23,GOOGL,9,-3.1861702338924434,6.825221932041396,0.5460729746444037
2016-11-23,ORCL,2,5.0,5.52631578947368,0.526315789473684
2016-11-23,WFC,1,-2.21066319895969,3.77113133940182,0.650195058517555
2016-11-25,GOOGL,8,0.7135877342539894,5.848640503930481,1.3000791082702345
2016-11-25,WFC,1,-3.90070921985816,12.4113475177305,0.0
2016-11-27,GOOGL,1,1.36752136752137,4.1025641025641,1.02564102564103
2016-11-27,WFC,1,0.0,1.19047619047619,0.119047619047619
2016-12-01,GOOGL,9,-1.0813897268964343,4.748557651963945,0.1666821180796983
2016-12-01,WFC,6,-3.289730832292135,7.373714963520599,1.566303151505006
2016-12-02,GOOGL,25,-1.4900958354691607,6.448236111140258,1.906769955723745
2016-12-02,WFC,9,0.48036670548807664,5.992212275122879,1.6559000373928159
2016-12-08,GOOGL,17,-1.2531922069751447,5.481358088497546,0.7162275271076578
2016-12-08,MDRX,1,6.61764705882353,8.45588235294118,0.551470588235294
2016-12-08,ORCL,1,5.24017467248908,6.11353711790393,5.24017467248908
2016-12-08,WFC,3,-1.1139640820994077,7.0739090782363805,0.5846267195598434
2016-12-12,GOOGL,11,-0.45892021401114785,4.88971709016917,0.658589622254314
2016-12-12,ORCL,1,-4.0983606557377,10.0,0.491803278688525
2016-12-16,AMSC,1,2.89435600578871,3.76266280752533,3.76266280752533
2016-12-16,GOOGL,18,-0.8332769974071504,6.5505232144093535,1.1035593738704366
2016-12-16,ORCL,10,0.23790566156862675,4.184880196960615,0.38160152597854047
2016-12-16,WFC,5,-1.471949407964832,4.549717330785699,0.2272303967219222
2016-12-17,GOOGL,6,1.0204109165410566,6.502370842908243,1.4528353285848263
2016-12-17,ORCL,2,3.5826015777464297,6.044778347880616,0.477082978360879
2016-12-22,GOOGL,14,-0.4045329884130821,4.7333357712381225,0.6226850186398657
2016-12-25,GOOGL,6,-0.4883624178709484,5.613862897205098,0.8159030353405775
2016-12-25,WFC,1,2.5028441410694,3.18543799772469,2.27531285551763
2016-12-27,GOOGL,10,0.4593505179592565,4.717371693435934,0.8274014443647427
2016-12-27,ORCL,1,-0.290697674418605,2.76162790697674,1.23546511627907
2017-01-01,GOOGL,1,-0.328099367236934,4.21842043590344,1.03116943988751
2017-01-04,AMSC,1,2.86624203821656,3.5031847133758,1.27388535031847
2017-01-04,GOOGL,15,1.1434484922183772,4.977625950542489,0.8816479254791818
2017-01-04,ORCL,4,2.8502125300314174,5.0594105688847355,1.1087436268168296
2017-01-04,WFC,9,1.6633548203100095,5.107429540897936,1.0027624353678852
2017-01-07,GOOGL,4,-2.3276390291242275,5.613295237580303,0.3670795572935675
2017-01-07,ORCL,2,-0.9291079823780719,3.78712425825442,0.12221699031878734
2017-01-07,WFC,1,0.196656833824975,1.37659783677483,0.0983284169124877
2017-01-08,GOOGL,7,-0.43728666748117556,6.487055964631038,0.6428408369350296
2017-01-08,WFC,4,-2.6256094287592378,4.768709408745045,0.25706940874036
2017-01-10,EVR,1,0.0828500414250206,2.56835128417564,0.165700082850041
2017-01-10,GOOGL,26,0.7144662793555779,5.073738031354123,1.0153926031953275
2017-01-10,ORCL,1,6.0546875,6.4453125,1.3671875
2017-01-10,WFC,6,2.1740331674307467,5.211653961870213,0.36302515438605365
2017-01-13,GOOGL,11,-0.1265719959562502,6.047216073062729,1.6305732223806062
2017-01-13,ORCL,1,1.53518123667377,4.6908315565032,0.980810234541578
2017-01-13,WFC,2,-0.51413881748072,4.36373857387964,1.252847380410025
2017-01-16,GOOGL,7,0.34293031657247175,6.12546862711408,0.972578641536334
2017-01-16,ORCL,13,0.8472922030911365,5.052960281875392,0.07680485972048862
2017-01-16,WFC,1,1.71149144254279,2.68948655256724,0.244498777506112
2017-01-21,GOOGL,8,0.5180429720054631,4.478499583000386,0.985577458506899
2017-01-21,ORCL,1,-3.2258064516129,5.70719602977668,0.992555831265509
2017-01-21,WFC,4,0.002145424157391468,4.773839856307043,0.46576735451520174
2017-01-23,GOOGL,2,-1.00090214904791,5.787286142346235,0.706253826078551
2017-01-23,ORCL,1,-1.49094781682641,6.60276890308839,2.23642172523962
2017-01-26,GOOGL,13,0.7924060379280508,4.818417672318434,1.3339518996891198
2017-01-26,ORCL,3,3.8353402146438,4.560646827096517,1.9707916322299501
2017-01-28,GOOGL,12,-0.9365267199420657,6.7414129656224775,1.0214775275639374
2017-01-28,WFC,5,-0.1592131935944085,3.83751133084341,0.1599397658074788
2017-02-01,GOOGL,28,-0.639143082320078,5.648861999780154,0.8950522159025656
2017-02-01,ORCL,1,3.27102803738318,5.14018691588785,0.934579439252336
2017-02-01,WFC,1,-1.55867970660147,6.26528117359413,0.213936430317848
2017-02-04,GOOGL,17,-2.0704687915693087,5.175555856646847,0.597206711188617
2017-02-04,WFC,3,1.029766164889212,3.5038580368284733,0.4238056569247386
2017-02-09,GOOGL,7,-1.2091916714998872,4.6248882820095725,0.7515315393773262
2017-02-09,ORCL,4,0.5156151144036001,4.623875249418274,0.7574707659581205
2017-02-09,WFC,4,2.239118006996782,5.74142235069385,1.1382954739741502
2017-02-13,GOOGL,32,0.4399724737175547,3.4589710896344346,0.37535514710719453
2017-02-13,ORCL,1,5.56872037914692,6.75355450236967,0.0
2017-02-13,WFC,4,0.805532313926798,3.292515662891465,0.27395413880755026
2017-02-16,GOOGL,5,1.469793072849964,4.532856474585446,2.5692032600816264
2017-02-17,EVR,1,1.36876006441224,5.39452495974235,0.483091787439614
2017-02-17,GOOGL,12,-0.2178957931484793,5.129254892101898,0.6862381380563827
2017-02-17,ORCL,6,-0.31325905532443216,5.784408392879336,0.8875080927100115
2017-02-17,WFC,1,0.528052805280528,0.66006600660066,0.066006600660066
2017-02-19,GOOGL,13,1.6644307624722465,3.6921046836860842,0.513654724906314
2017-02-19,ORCL,1,5.09554140127389,5.09554140127389,2.54777070063694
2017-02-19,WFC,1,0.574712643678161,1.53256704980843,0.0957854406130268
2017-02-22,GOOGL,11,-0.4180203370168234,5.46328601845239,0.6968229363561881
2017-02-22,WFC,1,0.894854586129754,1.78970917225951,0.671140939597315
2017-02-25,GOOGL,14,-0.6366389960407309,4.875700231727131,0.4251573242576315
2017-02-25,WFC,1,-5.9190031152648,7.16510903426791,0.311526479750779
2017-02-27,GOOGL,11,0.24637838761334316,6.486625909945473,0.9958552505141511
2017-03-10,GOOGL,12,-0.5585846230448966,5.538183580497105,0.862032838990849
2017-03-12,GOOGL,5,0.5080101011004312,4.8639203935553095,1.372275582307316
2017-03-12,ORCL,1,2.36713500305437,4.62736713500305,0.763591936469151
2017-03-12,WFC,3,1.453750306154494,5.947339032313693,2.3255813953488365
2017-03-13,GOOGL,4,-3.7406927744448075,7.62330142764113,0.8738587713089002
2017-03-13,ORCL,1,2.60382333553065,4.8121292023731,0.774555042847726
2017-03-16,GOOGL,23,-2.4746640544592475,7.351003383384823,0.9329401759556787
2017-03-16,ORCL,2,-0.43630017452007,3.527895942408375,0.858113819808028
2017-03-16,WFC,4,-10.64184422710925,12.935195691720224,0.49635873513325246
2017-03-23,GOOGL,17,-0.6920871053611126,6.551578478800811,1.1130592726298623
2017-03-23,WFC,4,-1.1877891971491719,5.347420568448543,0.42638343533531375
2017-03-24,GOOGL,13,-1.5570399052561008,6.286358557092776,1.224917411283867
2017-03-24,HLF,1,-1.00582318687136,2.48808893594494,0.847008999470619
2017-03-24,WFC,2,-0.9709472409966704,3.638151921718955,0.0
2017-04-04,GOOGL,42,-1.0548171566456817,7.931914906503231,0.1494760486872394
2017-04-04,WFC,1,-1.44444444444444,5.44444444444444,0.555555555555556
2017-04-07,GOOGL,6,0.9756099362183616,5.291284422199658,1.1737207600875479
2017-04-07,WFC,2,0.8627297568625105,4.131172371248805,0.16709590000660401
2017-04-08,GOOGL,9,-3.090889576923704,7.511826671564915,0.8115564188927359
2017-04-08,WFC,6,-0.738990134941304,4.149442343666932,0.371496884828267
2017-04-17,GOOGL,33,0.31589821526097234,4.509959831065009,0.6959916809155348
2017-04-17,WFC,6,-0.952456452671505,4.573711458768172,0.3865416384396699
2017-04-20,GOOGL,15,-0.8224512651578081,4.956643912464172,1.8571540117432526
2017-04-20,ORCL,3,0.4110169370277006,4.904047413823903,1.0276240301261146
2017-04-20,SPPI,2,2.72254710851202,3.3398310591293052,0.0
2017-04-20,WFC,3,-3.4268888396023116,7.170991563780933,0.03162555344718533
2017-04-21,GOOGL,13,-0.4883709941343023,5.935964735923856,0.9638090528218701
2017-04-21,ORCL,2,0.9576918690842735,3.842562272942015,1.1028623560269115
2017-04-21,WFC,19,-1.0256378526640628,4.81969384418135,0.3831184727545887
2017-04-23,GOOGL,8,1.6889591027892858,5.297071811189464,0.9861534386733147
2017-04-23,ORCL,1,1.1600471883602,4.14864333464412,0.825796303578451
2017-04-23,WFC,1,0.45662100456621,3.80517503805175,0.15220700152207
2017-04-27,GOOGL,45,1.3238870003441519,4.245175094293403,0.49713206721426767
2017-04-27,WFC,3,0.8180754998259068,4.983110226837996,3.1447579653462934
2017-05-06,GOOGL,1,1.90311418685121,5.01730103806228,0.69204152249135
2017-05-06,ORCL,1,3.74064837905237,5.23690773067332,1.24688279301746
2017-05-06,WFC,3,0.5548155936241667,2.5507076301775897,0.22894024045908198
2017-05-08,GOOGL,11,0.65944224933874,4.374518716038951,0.8985245907798037
2017-05-08,ORCL,1,3.69318181818182,3.97727272727273,0.568181818181818
2017-05-09,GOOGL,20,1.2567638584307725,5.382783778481843,0.9021393969972994
2017-05-09,ORCL,2,2.05475779831922,4.916768404937695,2.07735015406081
2017-05-09,WFC,14,0.21825188088422304,4.800465019003519,1.1741433122206255
2017-05-12,GOOGL,11,1.3785148155753202,5.80255206790428,0.8642570199125656
2017-05-12,NP,2,4.56140350877193,6.66666666666667,4.56140350877193
2017-05-12,WFC,1,-0.686106346483705,3.77358490566038,0.0
2017-05-13,GOOGL,5,-0.5739554378514021,5.42616890693416,1.5752704616078248
2017-05-13,WFC,1,-4.35835351089588,7.26392251815981,0.0
2017-05-15,GOOGL,21,0.3543586410327907,5.411783162866262,0.8751391637557595
2017-05-15,ORCL,1,2.65060240963855,4.57831325301205,0.963855421686747
2017-05-15,WFC,4,-1.1362971183858281,6.592330886381553,0.521408295722867
2017-05-18,GOOGL,25,-0.17662573022697653,5.7487939460077655,1.1443545551583074
2017-05-18,WFC,1,0.871248789932236,2.22652468538238,0.0968054211035818
2017-05-20,GOOGL,2,-2.3841095043287996,5.373239939111405,0.5735063267053565
2017-05-20,WFC,1,0.457317073170732,1.67682926829268,0.457317073170732
2017-05-22,GOOGL,22,0.5432526464897607,5.661914291688638,0.6599879984073076
2017-05-22,ORCL,1,0.790513833992095,4.74308300395257,0.592885375494071
2017-05-22,WFC,3,-0.3493366464839383,5.801508460108363,0.328638497652582
2017-05-29,GOOGL,3,-0.4208334337498769,4.8213123009265795,0.8590711516534614
2017-05-29,WFC,1,1.56739811912226,2.82131661442006,0.104493207941484
2017-06-03,GOOGL,9,0.1737886393386998,4.256766447903753,1.56571262889192
2017-06-05,GOOGL,12,-2.7365782981370983,8.033857926840307,0.8788519898531558
2017-06-05,HLF,1,0.0,4.8896839594514,1.01371496720334
2017-06-05,WFC,2,0.3269537480063795,1.670653907496015,0.11164274322169099
2017-06-09,GOOGL,16,2.723163035962993,4.581124855581639,0.5020228185864304
2017-06-09,WFC,3,0.6816536471223017,4.16634530275653,0.2836238209253323
2017-06-10,GOOGL,5,0.193090742198202,4.282693259478561,0.9291806600524375
2017-06-10,ORCL,1,-0.723240115718418,3.76084860173578,4.96624879459981
2017-06-10,WFC,2,2.67748237957857,4.10756673848738,0.191450900193551
2017-06-12,GOOGL,13,-0.41953260362888134,5.839597301507393,1.5185207362276725
2017-06-12,ORCL,3,3.5851638076662105,5.482728632864787,0.5479489158845596
2017-06-12,WFC,2,-0.576307653365635,3.95014999645349,0.4644535525585625
2017-06-15,GOOGL,23,-1.3734334311788887,5.409095061902258,0.7482034203792615
2017-06-15,ORCL,1,0.964187327823691,2.89256198347107,1.2396694214876
2017-06-15,WFC,4,-0.5913807362323555,6.910934374898909,0.0
2017-06-19,GOOGL,21,0.5027800527140797,4.836816974379363,0.805239737060222
2017-06-19,ORCL,3,1.1349190669197133,6.367680250971376,0.6357103372028733
2017-06-19,WFC,2,1.1388597411682388,2.99685204616999,0.5049317943336831
2017-06-21,GOOGL,13,-1.0421436869042746,6.124907193024489,0.6579250858843947
2017-06-21,WFC,1,-0.298507462686567,1.19402985074627,0.149253731343284
2017-06-23,GOOGL,11,0.2868534743422985,6.140393427783517,0.6821064101683424
2017-06-23,WFC,4,-0.36387934612595524,3.3796197604153044,0.38456797430358947
2017-06-26,GOOGL,32,0.4122359626515282,5.179672020026221,1.6771144398604283
2017-06-26,ORCL,2,1.5033281083168626,4.874031668143299,0.334372657261637
2017-06-26,WFC,3,0.6812257154799207,3.2022742830919264,0.13818409629927966
2017-06-29,GOOGL,12,-0.38935315299967455,6.148321420316205,1.9191755202754732
2017-06-29,WFC,3,1.3764139579860568,5.6356256837384775,2.258143324332632
2017-07-01,GOOGL,6,0.05382837178092992,6.462934159219738,0.7973513254588823
2017-07-01,WFC,2,-0.038129251619750004,3.005310732581295,0.211941534354396
2017-07-03,GOOGL,8,0.4111628030357782,4.752604606035076,0.6432724571244436
2017-07-09,GOOGL,1,1.48809523809524,4.46428571428571,0.0
2017-07-09,WFC,1,1.12612612612613,2.25225225225225,0.112612612612613
2017-07-10,GOOGL,15,0.5681343140461892,5.297577576211142,1.0103016712718136
2017-07-10,WFC,3,-0.22877576133655397,4.106169679706826,0.17998214675395766
2017-07-16,GOOGL,7,-2.39064242058053,8.263630402519825,0.8081536195878865
2017-07-16,WFC,2,1.395506610709665,3.2966772900823598,0.414944305954372
2017-07-20,GOOGL,8,-1.1147272531438395,5.779508889621072,1.473508841240193
2017-07-20,ORCL,1,4.76190476190476,4.76190476190476,0.0
2017-07-21,EVR,1,1.26782884310618,3.64500792393027,0.0
2017-07-21,GOOGL,21,1.3641853084278528,5.6796426536491404,1.2304038200595788
2017-07-21,ORCL,1,1.75202156334232,6.60377358490566,1.48247978436658
2017-07-21,WFC,5,0.903218406636005,4.714108831119963,0.5052022296977382
2017-07-23,GOOGL,1,1.94174757281553,2.9126213592233,0.485436893203883
2017-07-24,GOOGL,19,-0.0815383133376876,5.47156793092684,0.9710725362032931
2017-07-24,WFC,2,0.5025796121686534,2.23825831702544,0.1239770503469132
2017-07-28,GOOGL,8,-0.9539226807663799,5.524534461412197,0.7321092227371535
2017-07-28,WFC,5,1.0472355270672886,3.92029617575067,0.510929126806988
2017-08-01,EVR,1,0.921658986175115,3.2258064516129,0.230414746543779
2017-08-01,GOOGL,13,0.43931066448438555,5.092212461009927,1.2529493534498723
2017-08-01,ORCL,2,3.74215015465367,6.7614115662198895,1.527204986409225
2017-08-01,WFC,7,1.1495990603823392,2.95405110922705,1.7649588335953883
2017-08-05,GOOGL,1,3.24189526184539,4.73815461346633,1.24688279301746
2017-08-05,WFC,4,1.4907445163701876,3.6190979832475323,0.13921170520640425
2017-08-07,GOOGL,13,-0.8881769203466937,6.127248106251806,0.7068136013273727
2017-08-07,ORCL,3,-0.836773482803288,5.417398076744587,0.5363808416966297
2017-08-07,WFC,5,-0.031128402003068212,3.361053548459104,0.2750615258949678
2017-08-14,GOOGL,16,-2.118379678317519,7.874675342103805,1.2660109225608869
2017-08-14,HLF,1,-1.08303249097473,6.13718411552347,0.0
2017-08-14,MDRX,1,0.65359477124183,3.92156862745098,0.326797385620915
2017-08-14,ORCL,1,0.602409638554217,4.21686746987952,0.0
2017-08-14,WFC,4,-0.801109311031855,5.11177310182211,0.42218704363621773
2017-08-16,GOOGL,10,-1.9508986570672904,7.326776351967117,0.7364531586953834
2017-08-16,MDRX,1,1.47783251231527,3.44827586206897,0.295566502463054
2017-08-16,WFC,8,-0.4416694261351245,4.092451722501939,1.4358223078867622
2017-08-19,GOOGL,9,-1.3824790819741581,6.3765363839511355,1.0934843989936522
2017-08-19,WFC,1,-2.07990423462517,8.90318719138112,1.70582073918899
2017-08-26,GOOGL,15,-2.3528395352543443,7.492764944685247,0.8268035707058338
2017-08-26,ORCL,1,-2.35173824130879,5.31697341513292,0.664621676891616
2017-08-28,GOOGL,6,-1.9315113109759265,6.0853732264628,0.9448017399225929
2017-08-28,WFC,1,2.54816656308266,7.14729645742697,0.0
2017-09-01,GOOGL,17,-0.7436142944930114,5.319128157712142,0.8350090854523963
2017-09-01,WFC,2,-0.9614335091868289,3.4445104028034397,0.3850904321017204
2017-09-03,GOOGL,12,-3.0953176023252014,7.341089384231899,0.8127011695558797
2017-09-03,WFC,1,1.77065767284992,2.61382799325464,0.168634064080944
2017-09-06,GOOGL,5,0.08695531109169101,2.6548540070940243,1.133918932812421
2017-09-06,ORCL,1,-0.392156862745098,1.96078431372549,0.0
2017-09-06,WFC,8,0.596551272241514,2.8309817776628248,0.14698428922150353
2017-09-09,GOOGL,5,-2.1992077672259596,5.816544224982198,0.9445136131537006
2017-09-09,ORCL,1,1.06126386878919,3.95561987457791,1.44717800289436
2017-09-09,WFC,1,0.0967117988394585,1.45067698259188,0.193423597678917
2017-09-11,EVR,1,1.65837479270315,5.63847429519071,0.0
2017-09-11,GOOGL,13,-0.22477745165792812,4.832379640150943,0.6852341033652726
2017-09-11,ORCL,2,1.70965889423833,3.121951603260015,0.38970310582460094
2017-09-11,WFC,4,1.7019389185460023,2.7285812614797997,0.431068569308925
2017-09-18,GOOGL,27,0.1633227750325062,5.486897124559631,0.6700557344004028
2017-09-18,ORCL,1,3.50877192982456,3.94736842105263,1.6812865497076
2017-09-18,WFC,2,1.7135858957953651,3.498584667881655,0.635930047694755
2017-09-27,GOOGL,14,-0.7493519443660102,3.8529051412507265,0.753800934067965
2017-09-27,ORCL,2,1.5392346613522938,4.0335058207318,1.0217724659571878
2017-09-27,WFC,1,1.93298969072165,3.73711340206186,0.128865979381443
2017-09-30,GOOGL,4,-1.7253435281201726,6.466626132816413,0.9338132207160382
2017-09-30,WFC,5,-4.496186903675669,8.21668750633639,0.0
2017-10-02,GOOGL,10,-0.5978657134207372,5.48273397707956,1.0956822157737924
2017-10-02,ORCL,1,9.04183535762483,9.04183535762483,1.07962213225371
2017-10-02,WFC,1,0.13009540329575,5.07372072853426,0.13009540329575
2017-10-04,GOOGL,13,-0.5898808096461329,4.856290673714371,0.962963971242943
2017-10-04,ORCL,1,2.60115606936416,2.60115606936416,0.578034682080925
2017-10-04,WFC,2,-0.5604658417385897,7.57512737860039,0.7143599875220961
2017-10-07,GOOGL,1,0.76530612244898,2.29591836734694,4.59183673469388
2017-10-07,WFC,1,-3.53982300884956,8.84955752212389,0.0
2017-10-09,GOOGL,14,-0.7751884221266614,5.525580048654866,1.007623284199043
2017-10-09,HLF,1,-3.68550368550369,7.45290745290745,0.327600327600328
2017-10-09,ORCL,1,7.26256983240224,8.37988826815642,0.0
2017-10-09,WFC,13,1.9625811140750105,3.7860894053652396,0.28317118502767447
2017-10-14,GOOGL,3,0.661173672052537,4.03523070095277,0.571690636398163
2017-10-14,WFC,5,1.477937651939405,3.55202264779874,0.12769474878794568
2017-10-22,GOOGL,10,0.49780438450368025,5.536145469457404,1.158515611458702
2017-10-22,ORCL,2,2.10084033613445,2.3109243697479,2.94117647058824
2017-10-24,GOOGL,9,0.28501034890634214,4.506095230613661,1.082244333092956
2017-10-24,ORCL,2,1.3122071487830236,3.78647129619892,0.03753753753753755
2017-10-28,GOOGL,11,0.26233005489419703,5.250766302461272,1.4520374627621684
2017-10-28,WFC,1,-4.63768115942029,5.79710144927536,0.289855072463768
2017-10-31,GOOGL,23,0.17286107287971025,4.649454102178157,1.107276694179772
2017-10-31,WFC,3,-0.812750708183222,4.535345242553837,1.6420435993355458
2017-11-01,GOOGL,39,-0.5845945627505029,5.880353519586922,0.44916879262090575
2017-11-01,WFC,2,0.607567678424938,2.909659557013945,0.507588187038556
2017-11-02,GOOGL,20,-0.9792745174476266,5.285639537883592,1.1419366190180358
2017-11-02,WFC,5,-0.39522483882042597,7.104743053362723,1.4132840526117587
2017-11-05,GOOGL,2,-0.0575057188758199,5.937820167995185,0.8001898141523835
2017-11-07,EVR,1,-1.84931506849315,5.27397260273973,0.753424657534247
2017-11-07,GOOGL,13,1.4623376077261385,6.00140977640153,0.90924789273439
2017-11-07,WFC,3,1.4598080362106467,3.51861375780249,0.13049290920899634
2017-11-09,GOOGL,19,0.8764989733319609,5.465188582498539,0.9664281637849044
2017-11-09,ORCL,1,0.0,0.0,0.0
2017-11-09,WFC,3,0.404966567451696,2.8475575370608968,0.24945319432540058
2017-11-11,GOOGL,6,-0.07118026009345368,4.824964219586973,1.8454965687689728
2017-11-11,HLF,1,0.934579439252337,2.26969292389853,0.267022696929239
2017-11-14,GOOGL,3,3.85931860093765,5.27660514684489,2.358541573073617
2017-11-14,WFC,1,2.39005736137667,7.74378585086042,0.956022944550669
2017-11-17,GOOGL,10,1.0197953298391385,5.188398346868353,0.7769946046893027
2017-11-17,WFC,3,1.506629063886913,3.04979549814546,0.31332038108552734
2017-11-20,GOOGL,17,0.46937302508726075,5.009471395948484,1.1099951549889342
2017-11-20,ORCL,4,2.536687101358435,5.014924798872714,0.7694088578765444
2017-11-20,SPPI,1,1.59235668789809,2.86624203821656,0.0
2017-11-20,WFC,4,1.2448796850592656,2.50270218706004,0.21017134750872324
2017-11-21,GOOGL,42,-0.2650308935868709,5.988946741775235,0.7161401727542531
2017-11-21,WFC,5,3.4589506863443304,6.882174068617881,1.547245297897777
2017-11-23,GOOGL,14,-1.8886684263088822,5.630861431752612,0.6721739257035914
2017-11-23,WFC,3,-0.88521742953876,3.8905565657541996,0.7322033153058096
2017-12-01,GOOGL,25,-1.28521750265193,5.643005989455933,0.8449969835587481
2017-12-01,NP,1,0.68886337543054,3.21469575200919,0.229621125143513
2017-12-01,WFC,15,0.8547702029274676,4.90097972937939,0.5694508017419007
2017-12-05,GOOGL,10,-1.0220107678695596,5.941046509546281,1.248176969025257
2017-12-08,GOOGL,7,1.300405516032635,5.970849374735551,1.5556845684643557
2017-12-08,WFC,6,-1.5567415332838144,5.44446260029865,0.4021669654880488
2017-12-12,EVR,3,0.5236850897241055,2.901291847449597,0.5769209216174832
2017-12-12,GOOGL,12,-0.1687668794621923,5.897870756225642,1.7560495969122325
2017-12-12,WFC,1,0.285714285714286,2.28571428571429,0.142857142857143
2017-12-16,GOOGL,4,-0.6570318984379411,7.260991456055457,1.2174141577205688
2017-12-16,WFC,6,1.3064379578132388,2.6927634011672654,0.16861399959729043
2017-12-18,GOOGL,9,-0.3430693949886864,6.490671411086182,1.3558203921718128
2017-12-18,MDRX,1,-0.146412884333821,4.83162518301611,0.0
2017-12-18,WFC,4,1.0832470267707968,2.9347408214636177,0.15559212508527742
2017-12-19,GOOGL,28,-0.8863265832273742,5.567155359005922,1.244194292716614
2017-12-19,ORCL,3,1.9731451679960739,3.384160659925907,0.605563199488692
2017-12-19,WFC,1,1.64348925410872,3.66624525916561,0.252844500632111
2017-12-21,GOOGL,17,0.44047988895782836,5.53085948781391,1.1807014868986236
2017-12-21,ORCL,1,-3.70872908186341,7.3270013568521,0.542740841248304
2017-12-21,WFC,9,0.029372542863003566,6.502620732385999,0.3297674228802736
2017-12-24,GOOGL,2,-4.47585941542503,7.08130448050311,1.295425296201459
2017-12-26,GOOGL,8,-0.08718747451066147,5.856188348793836,0.9824718730584747
2017-12-26,ORCL,2,-3.17525050977645,5.58464791022931,0.7652276167481895
2017-12-26,WFC,4,0.4037216207272095,2.3838165580078874,0.17806429815517244
2017-12-29,GOOGL,15,-0.3989304291653824,5.58896578441724,1.2477261257183738
2017-12-29,ORCL,1,-1.5984015984016,8.19180819180819,0.0
2017-12-29,WFC,1,0.470957613814757,2.04081632653061,0.156985871271586
2017-12-30,GOOGL,25,-1.4212630846216003,6.2174769721525225,1.0930353116689466
2017-12-30,ORCL,1,-1.50829562594269,8.1447963800905,0.0
