Date,Price,Close,High,Low,Open,Volume
2015-01-02,25.990793228149414,26.310720751145467,25.955631548667114,26.19879480379065,28951268
2015-01-05,25.448997497558594,25.967020824027138,25.40888389832373,25.914029196570382,41196796
2015-01-06,24.85916519165039,25.563152743019266,24.8140996677535,25.50496102571023,57998800
2015-01-07,24.816572189331055,25.120848259997118,24.744761748472268,25.108763979989778,41301082
2015-01-08,24.89482307434082,24.934442241267934,24.316380206189073,24.66255442952079,67071641
2015-01-09,24.572420120239258,25.005754971185773,24.50407639805887,24.997832653749224,41427428
2015-01-12,24.393142700195312,24.562813289440335,24.14601639295262,24.511505767092185,46535413
2015-01-13,24.57291603088379,24.909678951252754,24.38521847443088,24.70464966677946,47409807
2015-01-14,24.80518341064453,24.922059379315137,24.415426985232894,24.497143170797198,44714427
2015-01-15,24.850744247436523,25.043393708490136,24.651161338057467,25.037945457838774,54316718
2015-01-16,25.16225242614746,25.167700677064555,24.762095824627767,24.762592153466528,45965854
2015-01-20,25.10381507873535,25.38114924355188,25.060035843029194,25.306864727336148,44640224
2015-01-21,25.655513763427734,25.71692403692912,25.069146716920944,25.12114758090012,45374234
2015-01-22,26.465234756469727,26.561312280554752,25.737726507076665,25.825877924318387,53538588
2015-01-23,26.740591049194336,26.85053547867908,26.396398321494548,26.524667138290937,45634948
2015-01-26,26.505842208862305,26.693539751571716,26.231480349241778,26.670263445243858,30874534
2015-01-27,25.68473243713379,26.282490412306142,25.662941328538395,26.2463360779983,38080263
2015-01-28,25.257341384887695,25.900661285841142,25.257341384887695,25.890261111938162,33676205
2015-01-29,25.290023803710938,25.311318583234605,24.821525393496646,25.306862990187756,83727244
2015-01-30,26.47167205810547,26.73662641032565,25.53071214525301,25.547551332435358,112127002
2015-02-02,26.17254638671875,26.396394478005192,25.680769763096613,26.333499006636576,56996054
2015-02-03,26.21018409729004,26.416204133332432,25.914029229887618,26.148773823473352,40773638
2015-02-04,25.889265060424805,26.380149379607435,25.815474989182235,26.21018139922066,33273101
2015-02-05,26.127973556518555,26.17353730116767,25.85608575827827,25.940277904604592,36995292
2015-02-06,26.297348022460938,26.604397513315075,26.070031299927916,26.130947142502787,35270570
2015-02-09,26.14035415649414,26.346870513304594,26.05071565746596,26.148772802457223,25355423
2015-02-10,26.591520309448242,26.629159842581977,26.09528808513657,26.213154817838156,34997823
2015-02-11,26.543481826782227,26.6663023728343,26.415114521948645,26.510299782104312,27555446
2015-02-12,26.888168334960938,26.981769887308978,26.47924832912618,26.606873032256868,32404724
2015-02-13,27.18927764892578,27.233848735255375,26.898074706920564,26.90897120847479,38006060
2015-02-17,26.88371467590332,27.23830754031224,26.797046565642624,27.08131607291279,32336537
2015-02-18,26.728206634521484,27.01495208387915,26.619747421672663,26.81239877810593,29061570
2015-02-19,26.88519859313965,26.897083963585036,26.64451131688879,26.645996514598256,19782163
2015-02-20,26.691062927246094,26.928779799149154,26.535060342066853,26.898073716536278,28887092
2015-02-23,26.342416763305664,26.566711953100413,26.218605439661957,26.54744605715267,29157834
2015-02-24,26.549427032470703,26.58409427814629,26.16115766967415,26.247823889478106,20101036
2015-02-25,26.93472671508789,27.051108261244007,26.51748461687064,26.540018327158375,36519991
2015-02-26,27.50969886779785,27.542386479477326,26.81735233036918,26.902038913534586,46230579
2015-02-27,27.65431022644043,27.966807958324857,27.38192609465695,27.448290186214756,48203982
2015-03-02,28.29515266418457,28.335266262229826,27.67164243012443,27.75979573219942,42592618
2015-03-03,28.4090576171875,28.495723825318855,28.056444416533107,28.251075400590103,34095352
2015-03-04,28.395687103271484,28.580906796575235,28.130238315727944,28.3214006944141,37536775
2015-03-05,28.492755889892578,28.620528363841753,28.397669133318555,28.4774019001322,27792094
2015-03-06,28.11414337158203,28.559613686359214,28.06833335362801,28.470469611639903,33182854
2015-03-09,28.171838760375977,28.24216211543757,27.90861777176819,28.07328338762991,21242161
2015-03-10,27.48642349243164,27.973740733629484,27.47255659535157,27.94402730730423,35846146
2015-03-11,27.2967472076416,27.641436248898593,27.271985700778455,27.492863418949632,36415706
2015-03-12,27.511184692382812,27.553774252041944,27.26108611326359,27.412136781753077,27792094
2015-03-13,27.105581283569336,27.65430878291893,26.952056551116495,27.4116399852279,34071287
2015-03-16,27.461660385131836,27.577547484992238,27.040209006207075,27.285353774319923,32819860
2015-03-17,27.279909133911133,27.426500432919156,27.13926052060506,27.322995026039,36110871
2015-03-18,27.708786010742188,27.722652907634572,27.089733255662395,27.362115482817394,42690887
2015-03-19,27.634004592895508,27.77316609896709,27.542630837329806,27.703337181524883,23945563
2015-03-20,27.75137710571289,27.81873196176307,27.686501999531078,27.815265237348168,52337299
2015-03-23,27.67461395263672,27.850426129515686,27.527031899130456,27.75484494076453,32876014
2015-03-24,28.23819923400879,28.456106537904446,27.79347343974527,27.860330070905384,51665459
2015-03-25,27.673376083374023,28.340714811084762,27.671148286831045,28.253552271340762,43045859
2015-03-26,27.494348526000977,27.679071892338214,27.27049663947939,27.614194892543818,31452115
2015-03-27,27.156097412109375,27.499795675078374,27.145697238688772,27.386880859643952,37949906
2015-03-30,27.338842391967773,27.41015651201406,27.147678116021684,27.318536480086355,25750504
2015-03-31,27.139259338378906,27.471566655040714,27.075867536344585,27.23830725307168,31760961
2015-04-01,26.86984634399414,27.29476254286049,26.71830124133965,27.168971601869405,39261497
2015-04-02,26.521690368652344,26.785159512917968,26.438341226011122,26.785159512917968,34327989
2015-04-06,26.582853317260742,26.664321338367596,26.226527101748246,26.357766296405625,26488525
2015-04-07,26.595481872558594,26.876284652854633,26.544968099028488,26.647979067085735,26057345
2015-04-08,26.822799682617188,26.933734867259414,26.662837814598237,26.662837814598237,23570536
2015-04-09,26.781692504882812,26.839636052292867,26.519710455465535,26.79407230945092,31157308
2015-04-10,26.743560791015625,26.856475605616122,26.609845629727545,26.856475605616122,28189181
2015-04-13,26.70195960998535,26.94413398806231,26.609845143754715,26.664321970600874,32906096
2015-04-14,26.26713752746582,26.622721150844388,26.153332354563446,26.557349716695157,52082601
2015-04-15,26.373117446899414,26.482071094106598,25.9120488143436,26.183440274728,46376979
2015-04-16,26.43601417541504,26.524663810590837,26.22850893803895,26.242870269867904,25997180
2015-04-17,25.953153610229492,26.239897169809005,25.802599270362137,26.181459186616664,43037837
2015-04-20,26.514263153076172,26.54942483032277,25.975439480719924,26.02991630592225,33585958
2015-04-21,26.444435119628906,26.712856201528513,26.42982372877197,26.619749077293132,36895018
2015-04-22,26.71161651611328,26.796551261411945,26.3344899552774,26.46572914976387,31871263
2015-04-23,27.08973503112793,27.285851232613126,26.754457311544666,26.79259128049803,83697161
2015-04-24,27.984140396118164,28.285247178903894,27.597356271419404,28.03564493039927,98650102
2015-04-27,27.579763412475586,28.105169151404088,27.472001331274832,27.978038879675136,47960000
2015-04-28,27.495838165283203,27.612043518793765,27.33126348421265,27.543512253614963,29820000
2015-04-29,27.26740264892578,27.495838943060374,27.15939050669806,27.33643024487951,33976000
2015-04-30,26.684391021728516,27.243067823224123,26.570669209558844,27.20731131067723,41644000
2015-05-01,26.712202072143555,26.7936435723389,26.424172218088028,26.73852076122299,35364000
2015-05-04,26.855222702026367,27.018605821575132,26.57116726474395,26.74348809222156,26160000
2015-05-05,26.359617233276367,26.803577726605656,26.339305637202546,26.72759773263729,27662000
2015-05-06,26.03285026550293,26.43807622802001,25.87716593220429,26.381464432051345,31340000
2015-05-07,26.354650497436523,26.49171304343396,25.910191775087828,26.021430064298485,30926000
2015-05-08,26.728090286254883,26.873596083911416,26.07158367633857,26.650124987808706,30552000
2015-05-11,26.602949142456055,26.914816041812497,26.588051699773267,26.73554282324144,18106000
2015-05-12,26.2722110748291,26.47924459994615,26.084496485817972,26.399341343816364,32684000
2015-05-13,26.30101776123047,26.534519653435297,26.253095504479656,26.347697301436693,25046000
2015-05-14,26.737031936645508,26.76682871653737,26.439568044106903,26.507104759722946,28078000
2015-05-15,26.511075973510742,26.780432864153696,26.338755155148686,26.775765100022344,39426000
2015-05-18,26.434104919433594,26.55924798641853,26.26277674840547,26.4197038053673,40068000
2015-05-19,26.685386657714844,26.849266113748893,26.470855136028614,26.517534676373266,39338000
2015-05-20,26.78023338317871,26.961493799519733,26.46747424919389,26.741498898129908,28616000
2015-05-21,26.94113540649414,27.007183136931534,26.61685459489877,26.714684421236004,29254000
2015-05-22,26.82195281982422,27.02456487081573,26.792156038497243,26.823938135281697,23524000
2015-05-26,26.43509864807129,26.76683008580557,26.31392810132834,26.723128518605577,48130000
2015-05-27,26.806060791015625,26.84380262289569,26.404807320444878,26.458935582368742,30500000
2015-05-28,26.80556297302246,26.846780999044,26.63026228022187,26.717663515011637,20596000
2015-05-29,26.42466926574707,26.748453748756177,26.391894512119364,26.685882214606522,51948000
2015-06-01,26.51802635192871,26.657076079601932,26.307965615661185,26.657076079601932,38086000
2015-06-02,26.775768280029297,26.965470101402147,26.385936047756463,26.46539223858962,38780000
2015-06-03,26.83188247680664,26.990298522063128,26.672970102698898,26.81201985083187,34340000
2015-06-04,26.65260887145996,26.845786877384523,26.534418197468224,26.70525003909712,26966000
2015-06-05,26.48525619506836,26.67744155110198,26.44503082444226,26.635228970633797,27764000
2015-06-08,26.162464141845703,26.52448679129173,26.133165584019125,26.4842633153877,30412000
2015-06-09,26.15550994873047,26.280156681898845,25.972760538383348,26.198715183591272,29106000
2015-06-10,26.65211296081543,26.73504534432558,26.287608673083277,26.288105001935204,36300000
2015-06-11,26.54882049560547,26.765835556422214,26.4698606350129,26.738274149264008,24350000
2015-06-12,26.43559455871582,26.47482537392121,26.327830583933174,26.399341716445043,19116000
2015-06-15,26.180837631225586,26.235464111731414,26.02192526669126,26.22056477516676,32654000
2015-06-16,26.228015899658203,26.30201057728617,26.099396630903705,26.240431698869,21436000
2015-06-17,26.283138275146484,26.36855419844027,26.076551806894056,26.2886016813604,25884000
2015-06-18,26.654098510742188,26.724615091023065,26.35911627396332,26.369544862359145,36662000
2015-06-19,26.65211296081543,26.729583832569453,26.46936354090496,26.677937216195083,37870000
2015-06-22,26.726600646972656,27.0022146763692,26.69382400296538,26.796124565309675,25006000
2015-06-23,26.84032440185547,26.890927209521646,26.580602346829984,26.79861004782697,23950000
2015-06-24,26.70922088623047,26.81648663575748,26.60096247907754,26.81648663575748,25732000
2015-06-25,26.579607009887695,26.86118078564992,26.579607009887695,26.76037109972466,26714000
2015-06-26,26.403810501098633,26.70524880139162,26.38692584925595,26.68041909964114,42182000
2015-06-29,25.898767471313477,26.250857832226195,25.85010072552714,26.072080948872838,38756000
2015-06-30,25.848609924316406,26.13365990204221,25.84811359549448,26.122238655983445,44344000
2015-07-01,25.914657592773438,26.105850274335843,25.735386274834596,26.058176186150444,39220000
2015-07-02,25.992128372192383,26.054203573511682,25.876917571452765,25.876917571452765,24718000
2015-07-06,25.96531105041504,26.083999939782007,25.773623938092,25.798453639350246,25610000
2015-07-07,26.07257843017578,26.13018478043007,25.58392374104612,25.97872113058195,31944000
2015-07-08,25.665861129760742,25.9590550748303,25.630106509878058,25.875427455103637,25934000
2015-07-09,25.857053756713867,26.0105027189402,25.840665433311727,25.978224295353442,36846000
2015-07-10,26.326343536376953,26.447017752584916,26.098899889552555,26.135649063352314,39134000
2015-07-13,27.141761779785156,27.169571350130205,26.439071905343802,26.46290705616678,44130000
2015-07-14,27.864316940307617,28.100152695838812,27.149707625008205,27.152189269127874,64882000
2015-07-15,27.820615768432617,28.132630425290625,27.65028215456912,27.81614691456948,35692000
2015-07-16,28.795448303222656,28.836666332999567,28.057994515941008,28.06395425128792,95366000
2015-07-17,33.417816162109375,33.4941939786479,32.03080804713892,32.229449474952716,223298000
2015-07-20,32.925682067871094,33.216689894066654,32.428584111664236,32.737967471099154,117218000
2015-07-21,32.88992691040039,33.421290491453796,32.492644099487514,32.53783654420865,67544000
2015-07-22,32.8799934387207,33.701372200606336,32.726048145962466,32.81990355037788,78586000
2015-07-23,31.995052337646484,32.95597533403739,31.83216553883865,32.83877731237004,60582000
2015-07-24,30.96609115600586,32.188228950789025,30.91444454032706,32.13012437696736,72514000
2015-07-27,31.14983367919922,31.49944050289263,30.814129745681786,30.83895944748537,53508000
2015-07-28,31.186580657958984,31.426440083726046,30.953675518790703,31.426440083726046,34546000
2015-07-29,31.38174819946289,31.45276111334182,30.920901174991712,31.22631202071136,31502000
2015-07-30,31.414522171020508,31.545128643104718,30.891105519384478,31.28590290868938,29484000
2015-07-31,31.06789207458496,31.43041100321443,31.062428669102413,31.354431021559108,34122000
2015-08-03,31.345989227294922,31.437662296150826,31.054485084266965,31.054485084266965,26090000
2015-08-04,31.2486572265625,31.52476761193489,31.14486766762827,31.207439200292313,29818000
2015-08-05,31.970218658447266,32.17283448603613,31.44282948965422,31.50093027345457,46686000
2015-08-06,31.91558837890625,32.0496236696746,31.39763330837002,32.030801063898615,31452000
2015-08-07,31.54909896850586,31.915590433181816,31.271499614365588,31.793925466276953,28078000
2015-08-10,31.47113609313965,31.953336616169647,31.347929087549904,31.75668241334567,36184000
2015-08-11,32.81443786621094,33.5156367217687,32.49114978017444,33.232573996803005,100584000
2015-08-12,32.75385665893555,33.02400730018618,32.39282480046153,32.92865912356369,58734000
2015-08-13,32.59941864013672,32.99918318116568,32.36159751629048,32.74204311657559,36214000
2015-08-14,32.632686614990234,32.768506438781564,32.41120270349745,32.5279043943148,21442000
2015-08-17,32.81890869140625,32.8442366155316,32.34068262724015,32.61679299351678,21034000
2015-08-18,32.58352279663086,32.97434955921703,32.45093100781544,32.8700636697684,29122000
2015-08-19,32.82040023803711,33.12332753848405,32.487181723053396,32.60686517220939,42682000
2015-08-20,32.121681213378906,32.92419186877691,31.92651790248578,32.55024788674336,57106000
2015-08-21,30.415857315063477,31.78498610552119,30.408408593681937,31.771579543665354,85304000
2015-08-24,29.280128479003906,29.76282533222725,28.060476112767425,28.45527350605465,115406000
2015-08-25,28.905193328857422,30.662665222051203,28.858015570715104,30.536529506979406,70760000
2015-08-26,31.217370986938477,31.37082184323704,29.748919623798905,30.310079988295644,84718000
2015-08-27,31.663818359375,31.960785931706074,30.888622780274954,31.75270858402441,69826000
2015-08-28,31.304773330688477,31.62756515488086,31.015752706478942,31.425945767761622,39574000
2015-08-31,30.7023983001709,31.57393475218173,30.67409239931396,31.16374167103772,43534000
2015-09-01,29.68634796142578,30.434726588943217,29.503102220955846,29.913295265891758,74042000
2015-09-02,30.508224487304688,30.508224487304688,29.781697554458667,30.07369804838561,51512000
2015-09-03,30.106473922729492,30.774900052429793,29.936189559657134,30.64032105570023,35192000
2015-09-04,29.83085823059082,29.968417087207616,29.56021126544459,29.796096269826805,41780000
2015-09-08,30.52411651611328,30.606056242194853,30.000697957914316,30.416354428950243,45590000
2015-09-09,30.427776336669922,31.113087152118585,30.27283648366079,30.8498888807413,34042000
2015-09-10,30.856340408325195,30.99588647705031,30.363713214378556,30.446645592867732,38106000
2015-09-11,31.07583999633789,31.07633632517587,30.661178090440195,30.776885224390238,27470000
2015-09-14,30.950199127197266,31.080307368786453,30.76099365777773,31.072362318987746,34046000
2015-09-15,31.541156768798828,31.71794645384484,30.97701651347098,31.122024102506177,41688000
2015-09-16,31.582870483398438,31.680700308089808,31.401113724752108,31.557544451751735,25730000
2015-09-17,31.9265193939209,32.323798426482874,31.535196307449194,31.672755171761807,45494000
2015-09-18,31.2486572265625,31.78250435833336,31.13791527511004,31.623095659253305,102668000
2015-09-21,31.55605125427246,31.608194194649496,31.084281252465544,31.504404642701193,35770000
2015-09-22,30.922883987426758,31.164232383293324,30.562350379978387,31.13691914510551,51258000
2015-09-23,30.906497955322266,31.232765957011235,30.78929994457791,30.89110418434453,29418000
2015-09-24,31.07733154296875,31.152813310040926,30.41188526954059,30.62244425883173,44802000
2015-09-25,30.39052963256836,31.274481833161968,30.342359213237955,31.274481833161968,43480000
2015-09-28,29.542333602905273,30.52138391425834,29.26870675622231,30.30958410695611,62554000
2015-09-29,29.54630470275879,30.0443952637153,29.310417818189727,29.661019166375425,46190000
2015-09-30,30.214235305786133,30.231119957888616,29.83235005412735,29.958982103318686,48268000
2015-10-01,30.356760025024414,30.396487167964494,29.78864729421853,30.211752448681295,37352000
2015-10-02,31.1324520111084,31.153805516300306,29.951532324005157,30.153649918880998,53696000
2015-10-05,31.855506896972656,31.931983215928287,31.13692312845131,31.385223947825907,36072000
2015-10-06,32.052650451660156,32.241857798038325,31.61017903759952,31.724893497840313,43326000
2015-10-07,31.899700164794922,32.309345712161196,31.392669980524353,32.241363820980084,41854000
2015-10-08,31.74078941345215,32.00349133774603,31.065410905285113,31.850042376357067,43642000
2015-10-09,31.96177864074707,32.07996931748947,31.549996185169338,31.78250541582577,32974000
2015-10-12,32.113739013671875,32.204616449375806,31.733342723247844,31.886295365596208,25504000
2015-10-13,32.39332580566406,32.667049264180356,31.938934862174904,31.938934862174904,36154000
2015-10-14,32.336708068847656,32.74541399965009,32.22199549510904,32.43851230494623,28310000
2015-10-15,32.862117767333984,32.93114536299605,32.50058957118327,32.510523725408305,37714000
2015-10-16,32.88496017456055,33.02251903669291,32.63665936235609,32.979812024437535,32222000
2015-10-19,33.07863235473633,33.11438697223595,32.75484790449789,32.83430218907822,29546000
2015-10-20,32.29301071166992,33.01010358611205,31.990829802129582,32.976334281264414,49964000
2015-10-21,31.9121150970459,32.57060700747085,31.868411642021176,32.48519299012561,35822000
2015-10-22,32.36799240112305,32.66644889797234,31.9816364612227,32.11522088204572,81420000
2015-10-23,34.86143112182617,36.2519171299912,34.83660331486189,36.12776672886109,133078000
2015-10-26,35.39677429199219,35.713110075687354,34.82468894760341,34.83909006283253,54332000
2015-10-27,35.18372344970703,35.43848029254233,34.98806382927722,35.12860064622085,44916000
2015-10-28,35.40521240234375,35.40670138886372,34.91506683461957,35.126124043478356,43578000
2015-10-29,35.602359771728516,35.66890192576827,35.25920715352353,35.283542418307306,29120000
2015-10-30,35.2989387512207,35.65599617844154,35.26119502938017,35.543265130495016,38176000
2015-11-02,35.81044006347656,35.835767989246825,35.05262549341451,35.31135679078555,37726000
2015-11-03,35.862586975097656,35.98623727176666,35.49311370537808,35.69870751891059,31308000
2015-11-04,36.15806579589844,36.405870323174355,35.84967883010648,35.854642119315734,34134000
2015-11-05,36.31399154663086,36.72269368840334,36.22559576580086,36.22559576580086,37232000
2015-11-06,36.43864440917969,36.52058414060551,36.10343676141681,36.32641346062947,30232000
2015-11-09,35.99815368652344,36.48581759399499,35.72701038679302,36.26184826512942,41396000
2015-11-10,36.16849136352539,36.28121863357601,35.68082742677865,35.9738243674174,32160000
2015-11-11,36.520084381103516,36.79818008192554,36.263342186682486,36.37408413817196,27328000
2015-11-12,36.31300354003906,36.63926967716835,36.184632435942,36.30158039858187,36744000
2015-11-13,35.60633087158203,36.30902254419434,35.592922417089454,36.21069640376163,41510000
2015-11-16,36.20027160644531,36.22658839926328,35.32476275467799,35.536808816244815,38118000
2015-11-17,36.018516540527344,36.3435437402673,35.90563772017167,36.2166616265194,30218000
2015-11-18,36.74851989746094,36.818540150021214,36.102936275646314,36.131742291566226,33686000
2015-11-19,36.66956329345703,36.847840068838714,36.62089275627522,36.685949722953474,26542000
2015-11-20,37.572879791259766,37.638429294519106,36.897501295681266,37.07280008862983,44246000
2015-11-23,37.542083740234375,37.87619634748975,37.335497313708245,37.61508574416471,28290000
2015-11-24,37.15970993041992,37.50728031786106,36.63082795778419,37.344442774864966,46662000
2015-11-25,37.15325164794922,37.34444054494559,37.049462090573,37.15275531911749,22442000
2015-11-27,37.25802993774414,37.41446064496047,37.120471090454295,37.16864150344471,16770000
2015-11-30,36.87763595581055,37.48994278983634,36.81158633643085,37.1860228524669,41952000
2015-12-01,38.091331481933594,38.18617954130079,37.0812417050161,37.101602553104264,42692000
2015-12-02,37.85991668701172,38.534052528436234,37.690081284169615,38.1837011801961,44608000
2015-12-03,37.37125778198242,38.188415850904306,37.0281089065599,38.04018023479625,51812000
2015-12-04,38.07990646362305,38.16333516715718,37.245119310712894,37.39906459145761,55146000
2015-12-07,37.903114318847656,38.175254047507515,37.49789027614723,38.12757996211286,36246000
2015-12-08,37.85942077636719,37.98009689013331,37.45369655047918,37.63694420105254,36590000
2015-12-09,37.3250732421875,37.95178116839294,36.59958830860592,37.70050240335898,54000000
2015-12-10,37.21830368041992,37.5356320775501,36.93871900595957,37.3866538684455,39768000
2015-12-11,36.692405700683594,37.032080281076546,36.587127153781886,36.80612562673731,44488000
2015-12-14,37.13438415527344,37.18205825011637,35.96240388365582,36.837416561862966,48250000
2015-12-15,36.91736602783203,37.64637842522717,36.89800162418632,37.39410696125803,53324000
2015-12-16,37.646873474121094,37.77102388638658,36.7204624006624,37.24512367964493,39866000
2015-12-17,37.21681594848633,37.8748115856098,37.19546244234924,37.86189945840696,31068000
2015-12-18,36.714256286621094,37.450221049823064,36.65665182914783,37.07181007908796,62974000
2015-12-21,37.13438415527344,37.24512611809344,36.748524436518856,37.052940752051335,30514000
2015-12-22,37.245121002197266,37.48597308777971,37.02314077815778,37.32706072305446,27308000
2015-12-23,37.26051712036133,37.454191458671275,36.947163119338946,37.41744417968406,31318000
2015-12-24,37.16566848754883,37.31216886488052,37.077276478777826,37.222780409546864,10544000
2015-12-28,37.866371154785156,37.890210094454886,37.22128762871272,37.39013036670413,30306000
2015-12-29,38.56608581542969,38.733935899484194,38.06103899915617,38.07395112697112,35300000
2015-12-30,38.28798294067383,38.61574181818027,38.08437825303432,38.56608241549523,25866000
2015-12-31,37.686100006103516,38.213489112928066,37.65928309710982,38.213489112928066,30018000
2016-01-04,36.83989715576172,36.95014278654776,36.314394750440954,36.89750540430463,65456000
2016-01-05,36.87664794921875,37.34444359447443,36.68098449921965,37.06882951957203,39014000
2016-01-06,36.928287506103516,37.105079067909166,36.19828255641287,36.251916377271826,38940000
2016-01-07,36.0726432800293,36.67402708498304,35.70863346169393,36.267310256860874,59274000
2016-01-08,35.48069381713867,36.41231814592291,35.40769559458199,36.32392236399163,49018000
2016-01-11,35.55816650390625,35.6984570767674,34.93791076790848,35.58697252166209,41812000
2016-01-12,36.056758880615234,36.189847007826735,35.62208086488032,35.83874926044054,40490000
2016-01-13,34.7899284362793,36.487312676440006,34.69309125671334,36.294134646214665,50034000
2016-01-14,35.49311447143555,35.85091454860684,34.22082275616947,35.02928945319707,44516000
2016-01-15,34.48649978637695,35.09682512494133,34.03558693428019,34.37923213772879,72162000
2016-01-19,34.85100555419922,35.25772240268522,34.43485466918967,34.925992883867536,45362000
2016-01-20,34.685142517089844,35.10228608047107,33.434200578260224,34.196485922293355,68900000
2016-01-21,35.08937454223633,35.71509368659016,34.48699800948257,34.87037606216693,48244000
2016-01-22,36.016029357910156,36.159051609256515,35.76132176588754,35.93408964480867,40236000
2016-01-25,35.341644287109375,36.2360249686787,35.25920824358848,35.9330977040556,34234000
2016-01-26,35.40968322753906,35.66990351351016,35.08391343561902,35.449908596284224,26634000
2016-01-27,34.76162338256836,35.66767371803553,34.48352763728298,35.440972642842745,43884000
2016-01-28,36.29959487915039,36.43516843419715,35.3754191696017,35.86556476022544,53528000
2016-01-29,36.89501190185547,36.996319801946974,36.09300144524637,36.32789377038842,69486000
2016-02-01,37.34444046020508,37.635452072033225,36.9109104873707,37.26796414382612,102784000
2016-02-02,37.97264099121094,39.22507185088541,37.97264099121094,38.95839550836461,126962000
2016-02-03,36.10045623779297,38.46179568312572,35.78014984554739,38.24925327184372,123420000
2016-02-04,35.159889221191406,36.102932850322375,34.85447652580864,35.89485742769831,103374000
2016-02-05,33.94620132446289,34.960261839095836,33.776362129511845,34.95430210381001,102114000
2016-02-08,33.90498352050781,33.96904404490879,32.92767028007529,33.16554442036339,84948000
2016-02-09,33.675048828125,34.75714411366565,33.21122388414213,33.38751911509488,72178000
2016-02-10,33.9735107421875,34.82716600316446,33.87468447537826,34.10957682560723,52760000
2016-02-11,33.92335510253906,34.233234816573464,33.21609781881839,33.52061263445481,60480000
2016-02-12,33.888092041015625,34.451735916505086,33.69938479742999,34.278422443487614,42828000
2016-02-16,34.31517028808594,34.66279368626937,34.01969172569938,34.41349643635306,50400000
2016-02-17,35.17926025390625,35.24630253977301,34.33404627818995,34.66726481448244,49852000
2016-02-18,34.630516052246094,35.37541852050044,34.56496275580985,35.258716830705666,37664000
2016-02-19,34.80730438232422,34.9151138191481,34.46663338174589,34.51530012629001,31786000
2016-02-22,35.08292007446289,35.41961288290493,34.88676031185089,35.132083150131244,38996000
2016-02-23,34.55602264404297,35.1792563018415,34.443295381691655,34.83411833377464,40186000
2016-02-24,34.740264892578125,34.762114728179654,33.80764783295925,34.211879263512024,39272000
2016-02-25,35.04765701293945,35.05908015327448,34.29456328013875,34.76260893230726,32844000
2016-02-26,35.01388931274414,35.42904750419384,34.80481744189124,35.18819543594479,44870000
2016-02-29,34.651371002197266,35.3029105612111,34.64690025402823,34.778003049700374,49622000
2016-03-01,35.69622039794922,35.69622039794922,34.75069122072443,34.941883910568976,43028000
2016-03-02,35.69820785522461,35.75531597961434,35.358033175444106,35.70565657628546,32580000
2016-03-03,35.37889099121094,35.72800338481649,35.06106625764179,35.689763332413065,39160000
2016-03-04,35.30291748046875,35.58101701493753,35.06107268974095,35.506526000548206,39442000
2016-03-07,34.52175521850586,35.16390995840605,34.11156409745792,35.104767267789896,59702000
2016-03-08,34.46266555786133,34.95032570063209,34.03409506940914,34.1954928755336,41526000
2016-03-09,35.022335052490234,35.044184888113556,34.464154536935126,34.68613477264433,28430000
2016-03-10,35.39875793457031,35.57852749076557,34.9289731944153,35.16535455107991,56670000
2016-03-11,36.09400177001953,36.09896884751806,35.61254760827479,35.755319829004655,39416000
2016-03-14,36.27625274658203,36.52504988005354,36.01106539581116,36.09350144481709,34366000
2016-03-15,36.16898727416992,36.36563958341788,35.992195696369976,36.09896701894467,34420000
2016-03-16,36.554351806640625,36.62288307752662,35.97928472583464,36.07165493725662,32488000
2016-03-17,36.63827896118164,36.90098091845995,36.549883164345026,36.57222933080777,37216000
2016-03-18,36.62933349609375,36.84783561430088,36.342792657580695,36.84088322251107,59614000
2016-03-21,36.85231018066406,36.872671029356034,36.42652444622926,36.57471080909499,36730000
2016-03-22,36.7857666015625,36.996823823445865,36.62238726141863,36.62238726141863,25394000
2016-03-23,36.65217971801758,37.032575990034935,36.55732786723966,36.86571857009246,28642000
2016-03-24,36.51511764526367,36.636634859103424,36.30157879048792,36.35173452511863,31898000
2016-03-28,36.42721939086914,36.69836649944435,36.3760709968585,36.589113529837626,26026000
2016-03-29,36.98539733886719,37.10855508550896,36.19033918031834,36.47985801406075,38076000
2016-03-30,37.27143859863281,37.63644105831174,37.18254649262079,37.25008509469096,35648000
2016-03-31,36.99434280395508,37.28733597090956,36.795205049143,37.20788167379837,34376000
2016-04-01,37.24065399169922,37.26200749949508,36.599541062641634,36.67899914736391,31534000
2016-04-04,37.011226654052734,37.384174246757745,36.869197026301094,37.24810435449983,22684000
2016-04-05,36.63926696777344,36.887567778114835,36.51859465317728,36.649201121898116,22646000
2016-04-06,37.03108596801758,37.05839920840653,36.528028289298945,36.538458772138554,21074000
2016-04-07,36.76242446899414,37.09613930096968,36.563783064297894,37.01519602587516,29064000
2016-04-08,36.70630645751953,37.019164090813526,36.52752958456028,36.94566954197142,25816000
2016-04-11,36.55485153198242,36.9968267429917,36.552369887433485,36.89850057606976,24402000
2016-04-12,36.9019660949707,36.93871715816917,36.30207129172034,36.64919834432273,27060000
2016-04-13,37.330535888671875,37.46263513375988,36.96012302814086,37.203407509457655,34142000
2016-04-14,37.40403747558594,37.60814230691598,37.379455935505575,37.444262847200186,22706000
2016-04-15,37.69206619262695,37.79138500764565,37.37890920260041,37.44277270858787,36186000
2016-04-18,38.069976806640625,38.14148604277949,37.60764083824211,37.76456409470071,31176000
2016-04-19,37.44028854370117,38.2333614704402,37.211852230404546,38.213993277887624,40610000
2016-04-20,37.377716064453125,37.64896168383691,37.24562059959929,37.64240711179627,30584000
2016-04-21,37.69901657104492,37.76406974731523,37.222775793477915,37.512294632423504,61210000
2016-04-22,35.69423294067383,36.555837026607946,35.43798708893476,36.06817313006497,119038000
2016-04-25,35.91175079345703,35.95048338963514,35.53631778084968,35.56164570860578,39184000
2016-04-26,35.16634750366211,36.041655570025206,34.91238249093033,36.02447350004656,54892000
2016-04-27,35.052127838134766,35.20806222878239,34.382959139206434,35.12413340448455,61972000
2016-04-28,34.316165924072266,35.4657999565338,34.24316769414452,35.172306683936974,57346000
2016-04-29,34.41498565673828,34.64391824648864,34.21584794792591,34.30026930309633,49754000
2016-05-02,34.673221588134766,34.793897692387354,34.31517148357974,34.64441936074699,32906000
2016-05-03,34.38270568847656,34.65484161607359,34.364826486472715,34.606671204063225,30876000
2016-05-04,34.54857635498047,34.74969941537417,34.21635049037451,34.28984883730725,33870000
2016-05-05,34.8331298828125,34.877329674477465,34.54957075305172,34.647896913971415,33670000
2016-05-06,35.314334869384766,35.35108214728756,34.66810714403034,34.681663362231824,36586000
2016-05-09,35.402732849121094,35.69125905052695,35.258717912852816,35.3580367294937,30206000
2016-05-10,35.91323471069336,35.92912481002241,35.542768827909754,35.59392100507749,31392000
2016-05-11,35.52141571044922,35.9777919468729,35.39776163857043,35.924658242671285,33842000
2016-05-12,35.423091888427734,35.71807413882659,35.20905670482791,35.609317501688,27214000
2016-05-13,35.29993438720703,35.58955174161818,35.22196908168941,35.35456087058506,26290000
2016-05-16,35.58100891113281,35.6798313863781,35.04269296098135,35.21551010484376,26342000
2016-05-17,35.07149887084961,35.83080246022976,34.96622032129292,35.556181050667114,40024000
2016-05-18,35.09136199951172,35.33817382812671,34.79340177910785,34.94436531028026,35336000
2016-05-19,34.77800369262695,35.06007380838088,34.60320122475581,34.87931160576405,33404000
2016-05-20,35.24580383300781,35.48615959939167,34.787938582043004,34.8425650648016,36568000
2016-05-23,34.97267532348633,35.33211212539648,34.969693561655774,35.08639524895548,26614000
2016-05-24,35.759788513183594,35.80348818409172,35.10278173041036,35.10278173041036,38590000
2016-05-25,36.017024993896484,36.128263268997216,35.74066456261591,35.793055668477386,32584000
2016-05-26,35.95991516113281,36.16898324582807,35.76921881929628,35.8978399631544,31526000
2016-05-27,36.38401412963867,36.447381303322956,35.95395845546493,35.954454784299166,39500000
2016-05-31,36.535972595214844,36.73511032383298,36.314488703670726,36.33832764180744,42590000
2016-06-01,36.458011627197266,36.60997161518224,36.28469813137636,36.47688349066972,25072000
2016-06-02,36.271785736083984,36.401895886402365,35.9624023560223,36.3760716301323,26836000
2016-06-03,35.87152099609375,36.22658932589706,35.783125213061595,36.21566630320272,24526000
2016-06-06,35.583988189697266,35.999146413246066,35.48764735494879,35.999146413246066,31306000
2016-06-07,35.58895492553711,35.853642159760845,35.58398784856902,35.747370960769395,26724000
2016-06-08,36.16650390625,36.18090501968687,35.784118540628015,35.95197240239952,31674000
2016-06-09,36.18140411376953,36.22907820590988,35.87132360443545,35.89784499400729,19778000
2016-06-10,35.72602081298828,36.0478162018959,35.57803145783332,35.728998786187255,24328000
2016-06-13,35.67387771606445,36.025471798002286,35.58200761726136,35.58200761726136,25178000
2016-06-14,35.66940689086914,35.877978665493,35.41365356657423,35.58051477504307,26122000
2016-06-15,35.701683044433594,35.90330242444706,35.621732426054486,35.70565746385733,24290000
2016-06-16,35.2765998840332,35.58896126196383,34.92400934314508,35.502550777920554,39650000
2016-06-17,34.350929260253906,35.200121450019694,34.188641083286434,35.19167628154464,68048000
2016-06-20,34.44975280761719,34.88527189207179,34.434855364902305,34.70103159595297,41650000
2016-06-21,34.56049728393555,34.89967555559198,34.36533016155707,34.682658596384094,29312000
2016-06-22,34.6359748840332,34.80481760259557,34.41856014204454,34.715429166659796,23686000
2016-06-23,34.854976654052734,34.85895107350913,34.116530276808035,34.63548185675295,43428000
2016-06-24,33.53153991699219,34.23572072929207,33.443640450483215,33.52905448380125,88980000
2016-06-27,33.18589401245117,33.386524497759666,32.938786695113386,33.321963870240374,52580000
2016-06-28,33.77089309692383,33.78529420947787,33.42128818773908,33.71775939461975,43476000
2016-06-29,33.973018646240234,34.137837722853774,33.83893407262631,33.91789583014786,38652000
2016-06-30,34.36980056762695,34.380727380317765,33.950171557091636,34.04055266553109,31954000
2016-07-01,34.72288513183594,34.794398168766655,34.371291048967926,34.374769139982625,26894000
2016-07-05,34.51133346557617,34.61015595245488,34.209895138751925,34.56645627973092,29252000
2016-07-06,34.651371002197266,34.845541657209885,34.220318892079206,34.264518678638495,28238000
2016-07-07,34.53168869018555,34.67272184021967,34.17686665241836,34.6667621060427,26084000
2016-07-08,35.04170608520508,35.04567671631136,34.585079719211805,34.73728598202947,31504000
2016-07-11,35.51148986816406,35.58200645605262,35.12165574173871,35.16188111319866,22236000
2016-07-12,35.78710174560547,35.90131800005854,35.55220938418681,35.71161808483892,26738000
2016-07-13,35.605342864990234,35.95395893856608,35.59888680128866,35.93508707630225,18718000
2016-07-14,35.802494049072266,35.865065579787355,35.65748646838449,35.83377792004499,19004000
2016-07-15,35.74786376953125,36.04036054394299,35.708384794008,36.03986421517202,25586000
2016-07-18,36.43962860107422,36.556330271255405,35.814409689587,35.88989333918832,25910000
2016-07-19,36.59755325317383,36.59904223968765,36.202259538297255,36.24645553749248,24550000
2016-07-20,36.8076171875,36.85429483010376,36.60450503308887,36.61592817370984,25794000
2016-07-21,36.68048095703125,36.83244091499842,36.541482378744085,36.7663950890464,20526000
2016-07-22,36.88459014892578,36.909417956929516,36.57768843494338,36.84088669015528,25196000
2016-07-25,36.73709487915039,36.87813182348958,36.624367620455324,36.781790992847355,20648000
2016-07-26,36.6700553894043,36.832442045392085,36.46396527852106,36.700842929454616,23734000
2016-07-27,36.83642578125,36.97001024613355,36.59954428163433,36.66311227051107,30250000
2016-07-28,37.042015075683594,37.17808116846874,36.713759841845935,37.098130546411205,70604000
2016-07-29,38.17823791503906,38.662923893259396,38.077926440843925,38.37290870577862,76830000
2016-08-01,38.381343841552734,38.756276669775595,37.795850155515176,37.795850155515176,54010000
2016-08-02,38.29145812988281,38.52833577389221,38.13155312251862,38.1732674722658,35690000
2016-08-03,38.39624786376953,38.397736850387695,38.08040841729784,38.09828762302587,25748000
2016-08-04,38.31827926635742,38.44044056765508,38.17848503089609,38.34857048007434,22806000
2016-08-05,38.84516906738281,38.88589076089111,38.354527218887185,38.42603645253769,36024000
2016-08-08,38.822330474853516,38.86553381665672,38.64012474735568,38.83424615581213,22158000
2016-08-09,38.94647979736328,39.17888671796986,38.76323216328399,38.78955274621309,26378000
2016-08-10,38.96733856201172,39.073211946110796,38.87288453017698,38.9211534577973,15728000
2016-08-11,38.97577667236328,39.219110394217104,38.88241381406944,38.983225393222206,19502000
2016-08-12,38.894832611083984,38.903524049012795,38.75479210161368,38.809418584637946,14810000
2016-08-15,38.856101989746094,39.106884464527504,38.74039295407925,38.92115517057123,18764000
2016-08-16,38.5928955078125,38.78359185739724,38.40935235516045,38.74982255429288,20560000
2016-08-17,38.73045349121094,38.77514960472398,38.413621432516805,38.60183613379572,18484000
2016-08-18,38.610774993896484,38.87695500140873,38.58594339800672,38.73542172462235,14388000
2016-08-19,38.507484436035156,38.59091314817575,38.39376450892798,38.486627258000006,17230000
2016-08-22,38.3450927734375,38.463783562882355,38.240806886519835,38.40071570189665,19028000
2016-08-23,38.341617584228516,38.55813440318424,38.32696641200772,38.510460314729556,18564000
2016-08-24,38.22044372558594,38.461792131784854,38.09281902483069,38.267125154649484,21440000
2016-08-25,38.20903015136719,38.33218791149778,37.89989303445538,38.089346693397424,18538000
2016-08-26,38.215484619140625,38.54026176536381,38.032236973240195,38.188667705654225,23334000
2016-08-29,38.3450927734375,38.486129726771196,38.07022510680344,38.175753710193725,16952000
2016-08-30,38.19313049316406,38.46010613633913,38.081395891689915,38.205049962027026,22600000
2016-08-31,38.09182357788086,38.19312768947097,38.00889120827221,38.089834474036714,24972000
2016-09-01,38.177738189697266,38.28897646664073,37.95526163581033,38.201080799515,18502000
2016-09-02,38.310829162597656,38.43299045948683,38.15936552193957,38.387801804957256,21454000
2016-09-06,38.7389030456543,38.8342474403258,38.28798638412304,38.40965515209784,28856000
2016-09-07,38.7523078918457,38.8704985580356,38.54621777203807,38.734925017138885,17874000
2016-09-08,38.50251770019531,38.75231129875149,38.416111014184814,38.664908166261085,25406000
2016-09-09,37.7248420715332,38.39947422077342,37.7248420715332,38.243293549789996,37710000
2016-09-12,38.18966293334961,38.252730801664775,37.44376774920884,37.49988322425485,26220000
2016-09-13,37.72632598876953,38.05060675712792,37.533148006104625,37.96419629464457,27900000
2016-09-14,37.86537551879883,38.12311035389436,37.69752545170092,37.722353258339275,21748000
2016-09-15,38.32572937011719,38.427033497894534,37.73973928399693,37.88524320063846,26102000
2016-09-16,38.182708740234375,38.22591208449114,37.973144294252585,38.22591208449114,40986000
2016-09-19,38.024784088134766,38.436964322487626,37.96226181377783,38.35849890605736,23456000
2016-09-20,38.308345794677734,38.403693974537724,38.16532352488775,38.18866613539865,19572000
2016-09-21,38.547210693359375,38.59389212333494,38.15395156619898,38.37041912729172,23356000
2016-09-22,39.09297561645508,39.2240784109912,38.65745655071146,38.73492552276244,29724000
2016-09-23,39.07758331298828,39.178391109572736,38.94101710755788,39.06218575274777,28238000
2016-09-26,38.447391510009766,38.870994889858615,38.39077971535209,38.870994889858615,30664000
2016-09-27,38.88440704345703,39.03239260749352,38.452263735936675,38.51145947705923,23064000
2016-09-28,38.81239700317383,38.824812801961805,38.48513821888617,38.62816049183323,22196000
2016-09-29,38.48712158203125,39.02295590797525,38.448487497863084,38.806435299753005,26294000
2016-09-30,38.60034942626953,38.78161176405217,38.44143704314138,38.55267912122415,31706000
2016-10-03,38.365455627441406,38.539515506871794,38.21349564302239,38.449384458967536,25576000
2016-10-04,38.557640075683594,38.67086746242912,38.381844943757685,38.53777555539894,24028000
2016-10-05,38.55962371826172,38.837719385317655,38.518902025761484,38.700656866905994,29224000
2016-10-06,38.5789909362793,38.758760475439196,38.51344143372902,38.685265923074006,21414000
2016-10-07,38.490604400634766,38.71804805970972,38.275572752472996,38.71804805970972,18664000
2016-10-10,39.029911041259766,39.200742888214016,38.52983129942713,38.621208852374465,23498000
2016-10-11,38.887386322021484,39.344755274976826,38.76373223421609,39.06566689626798,27450000
2016-10-12,39.03983688354492,39.13866314670502,38.83722485797321,38.92164621956397,18748000
2016-10-13,38.64503860473633,38.79550958111403,38.38730377811995,38.79550958111403,27306000
2016-10-14,38.66192626953125,38.931084270033956,38.53628687179374,38.81686801346163,17050000
2016-10-17,38.732940673828125,39.02543747938952,38.610775585312155,38.724995623877184,21860000
2016-10-18,39.49274444580078,39.80808756353253,39.01129028397833,39.12476394614826,41138000
2016-10-19,39.8026237487793,39.95656905074867,39.63030291238997,39.64072960738455,35336000
2016-10-20,39.57766342163086,39.92528687113716,39.53098198468339,39.892013891730244,35150000
2016-10-21,39.69683837890625,39.703294441868366,39.43016584863145,39.47982524842276,25324000
2016-10-24,40.37917709350586,40.48197400339979,39.96749691381934,39.9714675448664,33950000
2016-10-25,40.1090202331543,40.5564587558641,39.983380847810345,40.5564587558641,31528000
2016-10-26,39.68194580078125,40.074757876962856,39.54538338181204,40.0429776758111,32954000
2016-10-27,39.497215270996094,39.901446723006266,39.30602256898667,39.77779263554651,54984000
2016-10-28,39.49820327758789,40.49736622585623,39.40980749443379,40.14279043560896,85398000
2016-10-31,38.96038818359375,39.57219876719629,38.93357126935831,39.503171166114704,48546000
2016-11-01,38.91419982910156,39.20620031054067,38.513442713178094,38.878445209361836,48128000
2016-11-02,38.17376708984375,38.81686526490256,37.9130504870776,38.645537103405665,37448000
2016-11-03,37.84749984741211,38.235844970273455,37.693554550071624,38.10176040458927,38864000
2016-11-04,37.842044830322266,38.25621047019306,37.27298668181399,37.27790450570254,42696000
2016-11-07,38.86006546020508,38.99265723054066,38.36495287717607,38.46179003165107,31702000
2016-11-08,39.25685501098633,39.51126331192074,38.744359513838305,38.90376820588445,27338000
2016-11-09,38.99861526489258,39.292457043723005,38.32125154186843,38.73194274951041,52142000
2016-11-10,37.86885452270508,39.28963190131828,37.35338478850698,39.28963190131828,94904000
2016-11-11,37.44475555419922,37.78045949195309,37.26399335262778,37.5698986168256,48636000
2016-11-14,36.55385208129883,37.634954753938246,36.12975236739363,37.52321636090569,73088000
2016-11-15,37.6667366027832,37.961021716782845,37.09465131203383,37.09465131203383,47680000
2016-11-16,37.964195251464844,38.05755810313342,37.2704450818164,37.5033483046786,29452000
2016-11-17,38.299415588378906,38.37241382970385,37.9517921057503,38.08538036499545,26080000
2016-11-18,37.7685432434082,38.486628822647226,37.74172632930566,38.306362934531286,30942000
2016-11-21,38.1985969543457,38.22342855166827,37.77151924403222,37.871338173397554,26612000
2016-11-22,38.15241241455078,38.583957047994346,38.08934076888538,38.36892922447694,31862000
2016-11-23,37.79088592529297,38.15305820555196,37.50583784016691,38.125597203079785,29568000
2016-11-25,37.82515335083008,37.99002545902776,37.76754889423854,37.95327818038521,11748000
2016-11-28,38.15092086791992,38.71158678356653,37.73179201859136,37.741722383738974,43764000
2016-11-29,38.28003692626953,38.6604331697532,38.15091945152645,38.31430255734956,32332000
2016-11-30,37.64439010620117,38.38681090151255,37.484981408493404,38.24180331755643,47858000
2016-12-01,37.14182662963867,37.734272730131806,36.60077897640356,37.61459307865116,60358000
2016-12-02,37.269954681396484,37.44376449803374,36.90246673905505,36.976461414126994,29050000
2016-12-05,37.86687088012695,37.93540215466967,37.3891410626587,37.6280078657779,27884000
2016-12-06,37.69752502441406,38.180221832820536,37.609625572639125,37.97661336133842,33814000
2016-12-07,38.29741668701172,38.30585806470296,37.53314617180685,37.791377311529324,35220000
2016-12-08,38.55714416503906,38.644547297485566,38.10076788870096,38.361484510706305,29762000
2016-12-09,39.196266174316406,39.20321856606278,38.68630539814298,38.73492288636611,36438000
2016-12-12,39.195281982421875,39.293608145676416,38.9512018310199,38.9852174095379,42082000
2016-12-13,39.53445816040039,39.945645786696716,39.397395618301616,39.425205189813255,42904000
2016-12-14,39.58262634277344,39.92677166514908,39.43066636578443,39.59901277192666,34084000
2016-12-15,39.62136459350586,39.87711414099111,39.37653806971472,39.59603666655645,32530000
2016-12-16,39.27125930786133,39.77064191391618,39.245931381048614,39.74799643619597,48876000
2016-12-19,39.440101623535156,39.61192612562435,39.04629688390096,39.24245665482477,24642000
2016-12-20,39.55034637451172,39.66108832640948,39.39391943660748,39.567232921420896,19020000
2016-12-21,39.45798110961914,39.56306264253778,39.08751518970622,39.52154530207546,24226000
2016-12-22,39.294097900390625,39.39639846642992,39.161009793162656,39.34872437945268,19444000
2016-12-23,39.22705841064453,39.367599037520414,39.09645193817822,39.27622148753949,12468000
2016-12-27,39.308502197265625,39.62185998404134,39.11517642764494,39.26529885483266,15782000
2016-12-28,38.98571014404297,39.44159008303228,38.89384005361535,39.415273287910615,23076000
2016-12-29,38.873477935791016,39.02941232989827,38.68129259329544,38.900294847652695,14886000
2016-12-30,38.328712463378906,38.87298826635254,38.25869219875355,38.87149927960952,35400000
2017-01-03,39.03983688354492,39.21315035471481,38.52635253323202,38.675827066823196,33146000
2017-01-04,39.07758331298828,39.29807455702289,38.891854031356885,39.15008521081367,21460000
2017-01-05,39.4311637878418,39.45400628127621,38.984221552315184,39.03686272063126,26704000
2017-01-06,40.03354263305664,40.12044944095981,39.34098198535218,39.49274495934161,32804000
2017-01-09,40.05836868286133,40.223039973673075,39.868664991654,40.04595288505653,25492000
2017-01-10,39.96600341796875,40.18153138902927,39.90243922343087,40.11846352336331,23536000
2017-01-11,40.12094497680664,40.132864447216406,39.79616782391554,39.97643371159074,21318000
2017-01-12,40.043975830078125,40.09512422951055,39.68691832556617,40.08270842914462,27062000
2017-01-13,40.11945724487305,40.285519039023775,40.06036000861562,40.09959272315887,21984000
2017-01-17,39.957069396972656,40.08270881102735,39.746512272740105,40.07973083752091,27242000
2017-01-18,40.029571533203125,40.036273867381354,39.777296280937875,40.01665940495022,25888000
2017-01-19,39.83613967895508,40.19890679712066,39.817517876037165,39.98238997690709,18386000
2017-01-20,39.97742462158203,40.07128381660806,39.81205618476368,40.07128381660806,33400000
2017-01-23,40.68706512451172,40.76453409427209,39.91385683577853,40.08816296493175,39272000
2017-01-24,40.91351318359375,41.01432096625541,40.61311682714198,40.83554789056517,29480000
2017-01-25,41.499507904052734,41.504474981067396,40.972611285994205,41.19906225936507,29890000
2017-01-26,41.324703216552734,41.61521850699497,41.069450006604846,41.60578068143234,59478000
2017-01-27,40.885711669921875,41.81137637075344,40.743185721298026,41.45183725595178,59316000
2017-01-30,39.84334182739258,40.51474590637709,39.71819876621139,40.456148795137956,64932000
2017-01-31,39.568721771240234,39.79020567427056,39.257353094261234,39.57219607311643,43212000
2017-02-01,39.514339447021484,39.78722175996038,39.290620203235854,39.712234439932516,40594000
2017-02-02,39.655128479003906,39.86221126827818,39.33084767445946,39.420236119623816,30642000
2017-02-03,39.8021240234375,40.02608956435997,39.746504884825995,39.87661502372638,29268000
2017-02-06,39.794681549072266,39.81106798042483,39.49225054101314,39.71323814367233,23690000
2017-02-07,40.07426452636719,40.24956712965412,39.816529652235545,39.92627895542802,24824000
2017-02-08,40.144287109375,40.3161116316622,39.88655222032935,40.07575583202431,23106000
2017-02-09,40.202880859375,40.25750733996205,39.95358739497862,40.20039542649491,19794000
2017-02-10,40.406982421875,40.48544784205403,40.21380442193931,40.30915259983527,22700000
2017-02-13,40.68359375,40.7689585215192,40.49736813863291,40.52269227572555,24266000
2017-02-14,40.743675231933594,40.870311058123455,40.522687683041305,40.671669670757844,21094000
2017-02-15,40.670677185058594,40.87031123083309,40.64534926195972,40.68954525641721,26272000
2017-02-16,40.927921295166016,40.93984076517365,40.670682764915384,40.717856738553365,25752000
2017-02-17,41.12208938598633,41.12208938598633,40.8035182690552,40.87130693530322,32220000
2017-02-21,41.30036926269531,41.38926137433123,41.135993494929394,41.151387265689635,25246000
2017-02-22,41.25567626953125,41.37933035132166,41.150397721542454,41.15139037924473,19658000
2017-02-23,41.28398132324219,41.34009678727979,40.86435237617926,41.22389144007181,29456000
2017-02-24,41.150394439697266,41.16827364322184,40.92990320674195,41.105205785228605,27844000
2017-02-27,41.18217849731445,41.242764711352656,40.91997291112675,40.9472861508867,22030000
2017-02-28,40.880741119384766,41.14542835557202,40.73126279057046,40.9999244461156,45216000
2017-03-01,41.47815704345703,41.52856283813075,41.08186686759317,41.16082862096021,29930000
2017-03-02,41.24922180175781,41.441899682542626,41.200054937950036,41.40912682503031,18850000
2017-03-03,41.172245025634766,41.28547240581915,41.006929640672915,41.24574336755201,17928000
2017-03-06,41.10769271850586,41.16231920496178,40.840520021501256,41.06647468922621,22180000
2017-03-07,41.31278991699219,41.38728092425163,41.04512089299215,41.08882056634195,20752000
2017-03-08,41.48461151123047,41.62266670332716,41.30682727955076,41.39224130476147,19796000
2017-03-09,41.64898681640625,41.81385893391926,41.42700656792362,41.515898690846,25230000
2017-03-10,41.87593078613281,41.958366838282195,41.68970517554147,41.877423561413025,34080000
2017-03-13,41.989654541015625,42.14583520767222,41.875930828183535,41.91317822360105,24472000
2017-03-14,41.99362564086914,42.07407637865082,41.75426632043514,41.895299487204724,15598000
2017-03-15,42.07209014892578,42.14310305961011,41.75277642649261,42.09145833968597,27630000
2017-03-16,42.15055465698242,42.25335156378262,42.01895552087751,42.16297045617099,19552000
2017-03-17,42.31641387939453,42.37997806482956,42.06761675446384,42.29108974424237,34246000
2017-03-20,42.13167953491211,42.22206442430251,41.97028552425432,42.21163394138451,24630000
2017-03-21,41.24077606201172,42.38494659413062,41.16926682454289,42.280660710834574,49270000
2017-03-22,41.197574615478516,41.49354952162154,41.07789495578951,41.31278731560145,28030000
2017-03-23,40.601158142089844,40.848962631120536,40.33681567286468,40.770993537323996,69742000
2017-03-24,40.444725036621094,40.8171762415367,40.169607322247906,40.725306156730454,39620000
2017-03-27,40.69699478149414,40.802277106248816,39.895480609842664,40.073264826295386,37886000
2017-03-28,40.76702117919922,41.01879628831635,40.42471341945151,40.74169325413266,32410000
2017-03-29,41.2879524230957,41.35524096894949,40.839521245721684,40.96963137821971,35726000
2017-03-30,41.292423248291016,41.40067975866689,41.16827284994304,41.391742051461605,21106000
2017-03-31,41.19608688354492,41.29938011709778,41.08832290152005,41.1667883259737,28038000
2017-04-03,41.64253234863281,41.75674860455884,41.17919989479321,41.17919989479321,33430000
2017-04-04,41.444881439208984,41.47517265259384,41.17006303234588,41.28547274478066,20908000
2017-04-05,41.2879524230957,41.83620252102512,41.25368679197511,41.49156089461499,31106000
2017-04-06,41.1126594543457,41.53526643878369,41.0421428669225,41.337121344808885,25088000
2017-04-07,40.953250885009766,41.14270454122991,40.7468121727774,41.116630225932994,21146000
2017-04-10,40.95623016357422,41.18565913961713,40.90855606885788,40.9890068140861,19578000
2017-04-11,40.8876953125,41.090159593720344,40.573348658727596,40.955233923170944,21594000
2017-04-12,40.93586730957031,41.05207267295659,40.771987853800695,40.817180301861455,18010000
2017-04-13,40.89812469482422,41.03816520085013,40.79284236211906,40.827604324209524,22448000
2017-04-17,41.57400131225586,41.6028035408238,40.94331510180109,40.970132014956036,17900000
2017-04-18,41.556617736816406,41.66139995463693,41.352516707239054,41.42750025051667,16734000
2017-04-19,41.62564468383789,41.8247824218561,41.5302965043294,41.704106316574176,19084000
2017-04-20,41.79647445678711,41.972765904502374,41.68076543436665,41.786043974183194,19180000
2017-04-21,41.87295150756836,41.90721714008944,41.74433035621656,41.85755773656735,26472000
2017-04-24,42.84479904174805,42.87906467252108,42.20418253931587,42.27072848567783,27450000
2017-04-25,43.31856155395508,43.45264232607399,42.84728406427388,42.95604069949029,33440000
2017-04-26,43.290252685546875,43.50478798702769,43.09250921184515,43.414403094541704,24744000
2017-04-27,43.41539764404297,43.472505768829805,43.223212304043464,43.3831173267084,40536000
2017-04-28,44.99011993408203,45.530917543250226,44.98068589772966,45.22352329771723,65526000
2017-05-01,45.31837844848633,45.47282007574061,44.766153869893195,44.79048913893262,42320000
2017-05-02,45.510555267333984,45.72558688033755,45.16357975647385,45.171873372910554,31744000
2017-05-03,46.03696060180664,46.0895979822705,45.317037485932474,45.4320986395571,29990000
2017-05-04,46.26638412475586,46.47843397456853,45.915286435318315,45.98878477430695,28442000
2017-05-05,46.041419982910156,46.42727961410406,45.94557548608355,46.359741012671826,38226000
2017-05-08,46.397491455078125,46.52784787029026,45.948563905172,45.991270918840286,26596000
2017-05-09,46.29171371459961,46.556400948213145,46.1606109198396,46.529087708106076,31636000
2017-05-10,46.12336730957031,46.28327234401138,45.94359775444273,46.28227968629254,23478000
2017-05-11,46.21375274658203,46.30959726821015,45.83782717119904,45.951547110981146,16700000
2017-05-12,46.29419708251953,46.354783299583715,46.07718392880792,46.25993144890509,21012000
2017-05-15,46.53554916381836,46.59364995249584,46.15117844250568,46.33045167484035,22162000
2017-05-16,46.82953643798828,46.834996055354104,46.56037843848414,46.68055442961985,19390000
2017-05-17,45.66847610473633,46.64742597017485,45.59498155213678,46.46552335315985,47242000
2017-05-18,46.19586944580078,46.34137335458567,45.62527316231934,45.73700776741191,31938000
2017-05-19,46.383087158203125,46.56906270194666,46.233608831851136,46.25695144125105,27860000
2017-05-22,46.772926330566406,46.77407053919769,46.43225904883919,46.43225904883919,22408000
2017-05-23,47.118553161621094,47.25000072691539,46.80842344301948,47.073857049100866,25416000
2017-05-24,47.42346954345703,47.42992560701854,47.15232245141288,47.32513960354392,20496000
2017-05-25,48.14751434326172,48.30091404925139,47.44879323135425,47.5411634356624,33210000
2017-05-26,48.24335861206055,48.417664748176165,47.92354477787249,48.15545915638341,25040000
2017-05-30,48.46235656738281,48.47825045586144,48.14502816940238,48.185749865080176,29334000
2017-05-31,47.91511154174805,48.63071552934913,47.68270079491853,48.41965829184652,48962000
2017-06-01,48.01889419555664,48.24484884526092,47.6742525450033,48.11821300549909,28210000
2017-06-02,48.448448181152344,48.46235296455642,47.97171112639695,48.14353560382435,35020000
2017-06-05,48.84970474243164,49.010109879497534,48.42362350594126,48.49562907152071,25042000
2017-06-06,48.49662399291992,49.076654330212975,48.425611081651645,48.82388655689689,36292000
2017-06-07,48.713645935058594,48.86461326968123,48.46534509578166,48.66696449827986,29078000
2017-06-08,48.8363037109375,48.89390816768896,48.52791300048353,48.783662542685406,29638000
2017-06-09,47.16871643066406,48.890432025714006,46.46354298112137,48.890432025714006,66188000
2017-06-12,46.82456588745117,47.14512231507558,45.45061785425731,46.65870113289728,75270000
2017-06-13,47.34599304199219,47.67275924736612,46.88365709007128,47.27200216444717,40266000
2017-06-14,47.21489334106445,47.73086314629241,46.79228639740928,47.66978060208835,29794000
2017-06-15,46.79526901245117,46.84636814957453,45.907840637582325,46.38110344001082,42662000
2017-06-16,46.66962814331055,46.78186287408811,46.26316133079058,46.680554955705055,61894000
2017-06-19,47.543148040771484,47.67325817771824,47.12997513799296,47.17516758182106,30666000
2017-06-20,47.208438873291016,47.75420353764758,47.177647543822886,47.55059506642603,22520000
2017-06-21,47.64644241333008,47.678722731127145,47.21489396758807,47.35791623478544,24044000
2017-06-22,47.52924346923828,47.709509339000974,47.40310775104035,47.60919787453478,18828000
2017-06-23,47.951358795166016,47.971719645106866,47.385729534183646,47.51633601337251,30558000
2017-06-26,47.289878845214844,48.33473054230335,47.21638429449207,48.16538770081943,31968000
2017-06-27,46.051361083984375,47.09223846281888,46.02752214399076,46.80271961354801,51598000
2017-06-28,46.70488739013672,46.81711832533279,45.48870748080585,46.134291100136075,54428000
2017-06-29,45.577598571777344,46.246520997266416,45.22153379485336,46.17997504825767,65984000
2017-06-30,45.127681732177734,45.98779690089738,45.1068245540642,45.98779690089738,41804000
2017-07-03,44.62958526611328,45.386403314241534,44.43541083585905,45.29900398239559,34196000
2017-07-05,45.275665283203125,45.414713131116784,44.619654965087086,44.78154909427921,36278000
2017-07-06,45.026371002197266,45.436266622110274,44.679247717506776,44.8987462972256,28490000
2017-07-07,45.61732864379883,45.763825211932705,45.133639152404754,45.133639152404754,32756000
2017-07-10,46.12435531616211,46.20282073327699,45.66698642394307,45.775246724698285,23856000
2017-07-11,46.188419342041016,46.254961501021576,45.7866658002782,46.16110610261206,22264000
2017-07-12,46.87075424194336,46.99341187675181,46.40593280286138,46.61500091141655,30642000
2017-07-13,47.036128997802734,47.39814979344145,46.83003883465669,46.99292186074018,25894000
2017-07-14,47.47462463378906,47.52031341399722,47.07808815270721,47.276479528280625,21076000
2017-07-17,47.34699630737305,47.710506050708176,47.13946643378865,47.524776759371235,23310000
2017-07-18,47.94192123413086,48.07302403255265,47.2069491635749,47.32613628124541,23080000
2017-07-19,48.21455383300781,48.32132515300634,47.873886601977404,48.06309018517483,24490000
2017-07-20,48.078487396240234,48.46335062347444,47.748743190760344,48.41865829596455,32490000
2017-07-21,48.315364837646484,48.33075860890873,47.68120435521891,47.78549024101593,34220000
2017-07-24,48.683841705322266,48.974853317089625,48.208597378198625,48.28060294631745,64966000
2017-07-25,47.211917877197266,47.65886011202995,46.948719613565196,47.36635950241224,93220000
2017-07-26,47.06789779663086,47.42545154537502,46.79372349675515,47.40956144638132,41766000
2017-07-27,46.38705825805664,47.2655489038105,45.68734828441734,47.2655489038105,64260000
2017-07-28,46.756526947021484,46.87074697368356,46.059795014059844,46.15415052352984,36928000
2017-07-31,46.208778381347656,46.85882890779824,45.98729071297458,46.77440754878271,39402000
2017-08-01,46.22516632080078,46.55376629867092,46.14720102223498,46.30213896176019,25554000
2017-08-02,46.20331954956055,46.313068842652505,45.5224776270755,46.114923762729724,36488000
2017-08-03,45.86861038208008,46.29519177570148,45.79859012526099,46.200836249711415,24050000
2017-08-04,46.0826416015625,46.19919552044825,45.837818888219864,46.02255550464058,21646000
2017-08-07,46.152164459228516,46.26836980863224,46.01013864566691,46.13726701754564,20644000
2017-08-08,46.02454376220703,46.47267566914734,45.96594285921795,46.03944120518583,21232000
2017-08-09,45.831363677978516,45.984316309159006,45.55078255202602,45.71763996785928,23842000
2017-08-10,45.05368423461914,45.65060110088256,44.99856142528829,45.56567961842042,36480000
2017-08-11,45.40876007080078,45.57710648548658,44.97125186213058,45.089938869229975,24136000
2017-08-14,45.819942474365234,45.91916277841966,45.5974659105163,45.81299008174496,21290000
2017-08-15,45.7975959777832,46.012623818605746,45.67841264641,45.89741111797543,17668000
2017-08-16,46.03298568725586,46.31803378893454,45.85842948149338,45.950053303423275,20134000
2017-08-17,45.23941421508789,46.0280163154667,45.23941421508789,45.97438628053448,25544000
2017-08-18,45.224021911621094,45.45270447986538,45.04941645488731,45.20614270688362,26854000
2017-08-21,45.02488708496094,45.339733876624955,44.8629929404627,45.190751860477995,18868000
2017-08-22,45.92026138305664,45.97836217286956,45.2640009327746,45.325829872387054,23334000
2017-08-23,46.03496551513672,46.180469416139545,45.655561933673276,45.78319042052832,21804000
2017-08-24,45.750911712646484,46.22566348214492,45.46387831968186,46.11740318078704,25406000
2017-08-25,45.483245849609375,45.96321099903597,45.463881447065035,45.86066415511794,21068000
2017-08-28,45.379947662353516,45.649852017236775,45.28360683391965,45.48870428812802,21730000
2017-08-29,45.75140380859375,45.85271170843932,44.94244096243544,44.94740803886678,23712000
2017-08-30,46.16259765625,46.22462360541887,45.66996666151949,45.68983118118795,26024000
2017-08-31,46.64727783203125,46.77887695407523,46.27135232709874,46.27135232709874,31652000
2017-09-01,46.548458099365234,46.80371130872334,46.43970146261315,46.736669027332354,18948000
2017-09-05,46.10697937011719,46.531571645984286,45.78468387872006,46.33690465390773,26528000
2017-09-06,46.075191497802734,46.229386837933944,45.651095586515034,46.19139684639884,30554000
2017-09-07,46.479427337646484,46.50226982914029,45.86711671643292,46.26985912865714,24254000
2017-09-08,46.01013946533203,46.5310725485557,45.929688732287886,46.506244741565105,20230000
2017-09-11,46.13826370239258,46.60010337872146,46.03099983965152,46.39500969012342,25340000
2017-09-12,46.28675079345703,46.356771050876866,45.879090513298905,46.3125750494266,22688000
2017-09-13,46.43672180175781,46.54398565931495,46.176997853490384,46.21672689203879,22052000
2017-09-14,45.94111633300781,46.32151262351366,45.88599351918554,46.24602896004668,27952000
2017-09-15,45.70174789428711,46.009642247423336,45.5065845887509,45.91876482227936,50108000
2017-09-18,45.439048767089844,45.79064280913616,45.220542839300805,45.68784590885921,26138000
2017-09-19,45.77723693847656,45.80752815416768,45.317382564232936,45.55922732720921,18734000
2017-09-20,46.26240921020508,46.376629242256435,45.78666479900022,45.83533154234781,33396000
2017-09-21,46.30561828613281,46.50823031755038,45.87754794266398,46.33293152611429,25812000
2017-09-22,46.11094665527344,46.41884101033973,46.00914620703279,46.07221406446752,21054000
2017-09-25,45.73551940917969,46.005173724831366,45.17584992961701,45.957995964778334,37136000
2017-09-26,45.9286994934082,46.22467440545895,45.74396286420554,45.87208769428299,33338000
2017-09-27,46.90352249145508,47.172184134423986,46.07171709862461,46.07171709862461,44788000
2017-09-28,47.15232849121094,47.21142572849467,46.7078716500443,46.74809702305631,20406000
2017-09-29,47.62956237792969,47.66313087934156,47.25214406324082,47.27647554360956,31620000
2017-10-02,47.339542388916016,47.79988925266893,47.06988429542131,47.67276087998377,25668000
2017-10-03,47.56400680541992,47.574437288486024,47.13444745976578,47.37579588032299,17766000
2017-10-04,47.260581970214844,47.69312306655933,47.21141889546128,47.524772876701135,19048000
2017-10-05,48.16836929321289,48.215547050836626,47.43438992478544,47.44978748397134,24276000
2017-10-06,48.61183547973633,48.640141377770526,47.840612474201336,48.006477231816284,23478000
2017-10-09,48.51797103881836,48.93636103691184,48.47377504566656,48.66695302276308,17828000
2017-10-10,48.299476623535156,48.74492608249262,47.975692141706766,48.6669607767078,19368000
2017-10-11,49.126319885253906,49.19882178651549,48.28209480452601,48.35509682341753,33866000
2017-10-12,49.0557975769043,49.36816270095758,48.915260739661186,49.036929503427615,25248000
2017-10-13,49.147666931152344,49.521607107158786,49.113897629261245,49.262875831848454,23396000
2017-10-16,49.26287841796875,49.35758250350469,48.86559940144442,49.26784549494657,18210000
2017-10-17,49.271820068359375,49.48336980977882,49.093539513117385,49.17796087815621,25804000
2017-10-18,49.30310821533203,49.497278887269715,49.01334308840674,49.25146349193874,21152000
2017-10-19,48.88794708251953,49.10794199760083,48.587005101895954,48.964919728602226,26272000
2017-10-20,49.07417297363281,49.21322082396731,48.894403425876106,49.135751848605196,23664000
2017-10-23,48.0933837890625,49.139724508517396,47.97767476461677,49.139724508517396,29568000
2017-10-24,48.19717025756836,48.28109528822817,47.72341116728823,48.17035334785728,24244000
2017-10-25,48.335723876953125,48.47278640423367,47.69957810301499,48.08940839089709,24226000
2017-10-26,48.297489166259766,49.044380756762365,48.27961374954115,48.66696243619749,40842000
2017-10-27,50.61711502075195,52.06321644327847,50.06737589801771,50.11653897414333,103354000
2017-10-30,50.50984573364258,50.900176145742634,50.032612312871265,50.355404117805,41702000
2017-10-31,50.48650360107422,50.852002393138704,50.17761660089135,50.41598702561574,26614000
2017-11-01,50.92649459838867,51.13357737060361,50.50189857164349,50.51481069795317,27468000
2017-11-02,50.93046951293945,51.055116249792526,50.30624317099283,50.7407695990364,20980000
2017-11-03,51.273128509521484,51.28156988901951,50.6687628674084,50.758151317362156,21528000
2017-11-06,50.94635772705078,51.39181095063443,50.90166540043056,51.099810474827336,22504000
2017-11-07,51.31533432006836,51.347118308345074,50.90812115091914,51.014392349771626,22246000
2017-11-08,51.639122009277344,51.82147550210758,51.0729964409067,51.175793344448564,21774000
2017-11-09,51.21254348754883,51.34811704663668,50.63678304524981,51.34811704663668,24904000
2017-11-10,51.05412292480469,51.187707367812784,50.91557140468549,50.97417230604138,14400000
2017-11-13,50.938907623291016,51.22842644712833,50.78099170917024,50.82320239053347,17716000
2017-11-14,50.95132827758789,50.991553647550184,50.36285653768548,50.78198920718525,19184000
2017-11-15,50.69855880737305,50.85647473129203,50.42592272365695,50.61413365063871,17080000
2017-11-16,51.27411651611328,51.443955692250086,50.77850756100909,50.77850756100909,22594000
2017-11-17,50.608177185058594,51.36946989874682,50.541635017329355,51.34910904869974,27942000
2017-11-20,50.57291030883789,50.78297483776095,50.529210642929975,50.666273163641335,19070000
2017-11-21,51.37294006347656,51.4037313948882,50.78521474016324,50.817741328100844,21940000
2017-11-22,51.44594192504883,51.631966728356254,51.220979935574874,51.39826783596316,14926000
2017-11-24,51.67686080932617,51.80439079963753,51.39826877968908,51.44147212132665,10740000
2017-11-27,52.35224151611328,52.41431672254536,51.56910277285701,51.646571751489624,26158000
2017-11-28,52.01455307006836,52.75772030246548,51.646572574124754,52.395945811755965,28488000
2017-11-29,50.735801696777344,51.849180931288444,50.437345151314396,51.77965700703368,49188000
2017-11-30,50.723384857177734,51.07497889066422,50.40506379863794,50.77105894551231,34480000
2017-12-01,50.16520690917969,50.777021249793805,49.76047914983077,50.44479538987573,38192000
2017-12-04,49.59461212158203,50.45969438551538,49.440170492326246,50.28886253747882,38128000
2017-12-05,49.91591262817383,50.68365756747001,49.07814743481184,49.45854370819862,41346000
2017-12-06,50.57291030883789,50.90017284066798,49.71676967194866,49.73464887460338,25440000
2017-12-07,51.1961555480957,51.36053133234147,50.55757352823888,50.67472229506796,29164000
2017-12-08,51.50007247924805,51.74837329198583,51.27520899603291,51.52192231425566,25816000
2017-12-11,51.70119094848633,51.83527170842092,51.251767123471744,51.42309527527717,23856000
2017-12-12,51.67041015625,52.158570459050914,51.33322097810921,51.62819946787099,25590000
2017-12-13,51.67686080932617,51.97755273300622,51.566118857846355,51.950489550570275,25654000
2017-12-14,52.10095977783203,52.56528108334187,51.80101045742434,51.894869649452176,31174000
2017-12-15,52.847843170166016,53.01817866474494,52.11833456649818,52.372098763213046,65518000
2017-12-18,53.490943908691406,53.55798618643939,52.73908910659234,52.94170492628189,31092000
2017-12-19,53.170143127441406,53.47604839449477,52.81606744218992,53.39460500063077,26774000
2017-12-20,52.885589599609375,53.30422211810398,52.715254096306175,53.22476783099665,25372000
2017-12-21,52.82004165649414,53.103104450120775,52.7288649070379,52.88559495460724,19914000
2017-12-22,52.64573669433594,52.848348750883716,52.611967386782965,52.69489977464642,15102000
2017-12-26,52.477882385253906,52.64573246300202,52.15310146419564,52.543928219647505,15212000
2017-12-27,52.11188507080078,52.558827309118435,52.046335563191455,52.51016056007261,25438000
2017-12-28,52.05080032348633,52.37905173016282,51.883442799816414,52.2226248063251,16742000
2017-12-29,51.96439743041992,52.12827688762287,51.88990642362131,51.98028753176336,17750000
