Date,Open,High,Low,Close,Adj Close,Volume
12/23/2013,8.48,8.57,8.25,8.33,8.33,1173400
12/24/2013,8.31,8.51,8.31,8.45,8.45,456800
12/26/2013,8.46,8.61,8.46,8.61,8.61,908200
12/27/2013,8.66,8.9,8.63,8.82,8.82,538000
12/30/2013,8.86,8.95,8.78,8.88,8.88,820200
12/31/2013,8.83,8.95,8.8,8.85,8.85,617700
01/02/2014,8.84,8.91,8.55,8.79,8.79,1143500
01/03/2014,8.79,8.89,8.47,8.48,8.48,743300
01/06/2014,8.5,8.59,8.28,8.34,8.34,1039400
01/07/2014,8.35,8.45,8.2,8.44,8.44,1357200
01/08/2014,8.47,8.64,8.39,8.48,8.48,725900
01/09/2014,8.54,8.6,8.45,8.54,8.54,727400
01/10/2014,8.56,8.79,8.5,8.78,8.78,1077400
01/13/2014,8.8,8.94,8.74,8.9,8.9,2058300
01/14/2014,8.9,9.04,8.9,9,9,1027300
01/15/2014,9.02,9.37,8.87,9.26,9.26,1339700
01/16/2014,9.29,9.86,9.18,9.82,9.82,1805200
01/17/2014,9.86,9.91,9.76,9.88,9.88,792200
01/21/2014,9.9,10.25,9.8,10.16,10.16,1467600
01/22/2014,10.13,10.25,10.03,10.14,10.14,744000
01/23/2014,10.14,10.32,10.09,10.24,10.24,1012600
01/24/2014,10.14,10.16,9.55,9.56,9.56,1112200
01/27/2014,9.55,9.57,8.53,8.82,8.82,1141200
01/28/2014,8.83,8.93,8.59,8.74,8.74,608900
01/29/2014,8.69,8.88,8.45,8.53,8.53,1029400
01/30/2014,8.63,8.81,8.46,8.61,8.61,487700
01/31/2014,8.47,8.65,8.33,8.41,8.41,712100
02/03/2014,8.39,8.42,8.09,8.14,8.14,751700
02/04/2014,8.19,8.36,8,8.05,8.05,662800
02/05/2014,8.01,8.12,7.78,7.79,7.79,544100
02/06/2014,8.38,8.39,7.92,7.97,7.97,933200
02/07/2014,8,8.25,7.97,8.19,8.19,962000
02/10/2014,8.21,8.24,8.08,8.19,8.19,427900
02/11/2014,8.16,8.3,8.12,8.14,8.14,1365200
02/12/2014,8.11,8.21,8,8.09,8.09,452300
02/13/2014,8.03,8.27,8.03,8.25,8.25,312900
02/14/2014,8.21,8.4,8.12,8.14,8.14,385800
02/18/2014,8.19,8.57,8.19,8.54,8.54,456800
02/19/2014,8.55,8.72,8.45,8.47,8.47,504800
02/20/2014,8.51,8.72,8.45,8.68,8.68,317200
02/21/2014,8.74,8.75,8.57,8.64,8.64,763800
02/24/2014,8.68,8.84,8.55,8.75,8.75,487300
02/25/2014,8.75,8.79,8.57,8.62,8.62,529100
02/26/2014,8.65,8.78,8.58,8.68,8.68,414500
02/27/2014,8.65,8.92,8.55,8.85,8.85,333900
02/28/2014,8.81,8.99,8.26,8.35,8.35,812300
03/03/2014,8.24,8.37,8.01,8.33,8.33,678200
03/04/2014,8.45,8.66,8.35,8.42,8.42,1018600
03/05/2014,8.42,8.48,8.3,8.36,8.36,381600
03/06/2014,8.46,8.46,8.16,8.17,8.17,1473000
03/07/2014,8.05,8.22,7.65,7.87,7.87,2109200
03/10/2014,7.83,7.96,7.66,7.91,7.91,794500
03/11/2014,7.92,8.09,7.9,8.04,8.04,901700
03/12/2014,8,8.13,7.97,8.12,8.12,721900
03/13/2014,8.12,8.2,7.94,8.02,8.02,908200
03/14/2014,8,8.08,7.91,7.99,7.99,607600
03/17/2014,8.03,8.15,7.77,7.78,7.78,1644700
03/18/2014,7.79,8.15,7.79,8.15,8.15,567100
03/19/2014,8.12,8.2,7.99,8.08,8.08,418700
03/20/2014,8.07,8.1,7.97,8,8,425900
03/21/2014,8.07,8.14,7.71,7.74,7.74,3679700
03/24/2014,7.8,7.84,7.45,7.78,7.78,945000
03/25/2014,7.85,7.91,7.56,7.72,7.72,870900
03/26/2014,7.81,7.95,7.75,7.9,7.9,1200300
03/27/2014,7.9,7.97,7.67,7.8,7.8,751500
03/28/2014,7.78,7.89,7.69,7.77,7.77,679100
03/31/2014,7.8,7.95,7.72,7.84,7.84,890500
04/01/2014,7.88,8.1,7.83,7.93,7.93,1221900
04/02/2014,7.95,8.02,7.8,7.81,7.81,477100
04/03/2014,7.81,7.84,7.45,7.62,7.62,999800
04/04/2014,7.7,7.74,6.96,7.2,7.2,1846900
04/07/2014,7.18,7.51,7.06,7.27,7.27,868800
04/08/2014,7.3,7.5,7.06,7.32,7.32,968600
04/09/2014,7.32,7.75,7.32,7.71,7.71,776200
04/10/2014,7.71,7.71,7.07,7.16,7.16,1358300
04/11/2014,7.08,7.3,6.79,6.79,6.79,1231300
04/14/2014,6.88,6.98,6.53,6.77,6.77,680000
04/15/2014,6.77,6.93,6.36,6.7,6.7,943700
04/16/2014,6.75,6.95,6.7,6.88,6.88,449700
04/17/2014,6.86,6.97,6.73,6.74,6.74,363900
04/21/2014,6.75,6.77,6.57,6.69,6.69,975900
04/22/2014,6.69,7.02,6.68,6.9,6.9,881200
04/23/2014,7.25,7.56,6.95,7.18,7.18,3079800
04/24/2014,7.2,7.38,6.96,7.22,7.22,891000
04/25/2014,7.17,7.22,6.75,6.77,6.77,1056100
04/28/2014,6.81,6.91,6.49,6.72,6.72,756700
04/29/2014,6.78,6.97,6.72,6.91,6.91,691800
04/30/2014,6.86,6.91,6.72,6.87,6.87,558800
05/01/2014,6.84,7.01,6.68,6.95,6.95,783800
05/02/2014,6.98,7,6.84,6.89,6.89,415200
05/05/2014,6.85,7.26,6.82,7.11,7.11,510800
05/06/2014,7.11,7.17,6.99,7.02,7.02,517100
05/07/2014,7.02,7.11,6.77,6.95,6.95,720900
05/08/2014,6.94,7.02,6.52,6.65,6.65,685300
05/09/2014,6.69,7.33,6.5,7.3,7.3,1452100
05/12/2014,7.33,7.64,7.32,7.59,7.59,1141800
05/13/2014,7.57,7.72,7.46,7.47,7.47,714200
05/14/2014,7.48,7.97,7.33,7.62,7.62,1359600
05/15/2014,7.59,7.81,7.28,7.75,7.75,1136100
05/16/2014,7.8,7.88,7.41,7.51,7.51,859700
05/19/2014,7.52,7.68,7.47,7.67,7.67,554000
05/20/2014,7.67,7.75,7.44,7.51,7.51,879600
05/21/2014,7.55,7.68,7.41,7.55,7.55,527700
05/22/2014,7.59,7.65,7.45,7.46,7.46,426000
05/23/2014,7.5,7.5,7.36,7.41,7.41,371800
05/27/2014,7.59,7.94,7.59,7.92,7.92,849500
05/28/2014,7.94,8.08,7.74,7.81,7.81,619300
05/29/2014,7.89,8,7.78,7.85,7.85,354800
05/30/2014,7.88,7.95,7.7,7.79,7.79,604700
06/02/2014,7.85,8.04,7.55,7.73,7.73,684400
06/03/2014,7.69,7.91,7.62,7.89,7.89,426800
06/04/2014,7.85,7.91,7.69,7.84,7.84,314200
06/05/2014,7.83,8.07,7.78,8,8,747000
06/06/2014,8.07,8.09,7.9,8,8,517400
06/09/2014,8.04,8.53,7.97,8.51,8.51,1311100
06/10/2014,8.5,8.71,8.44,8.65,8.65,794400
06/11/2014,8.58,8.88,8.52,8.57,8.57,762600
06/12/2014,8.59,8.73,8.38,8.42,8.42,422800
06/13/2014,8.44,8.61,8.32,8.55,8.55,367900
06/16/2014,8.51,8.68,8.38,8.68,8.68,536300
06/17/2014,8.64,8.78,8.5,8.63,8.63,513900
06/18/2014,8.61,8.64,8.23,8.44,8.44,1367600
06/19/2014,8.49,8.49,8.26,8.29,8.29,760100
06/20/2014,8.33,8.33,8.03,8.15,8.15,3661700
06/23/2014,8.3,8.47,8.23,8.25,8.25,1233400
06/24/2014,8.27,8.34,8.19,8.2,8.2,709600
06/25/2014,8.17,8.28,7.98,8.18,8.18,1012800
06/26/2014,8.22,8.22,7.91,7.94,7.94,1194900
06/27/2014,7.92,8.02,7.8,8.01,8.01,1466800
06/30/2014,8,8.3,7.99,8.13,8.13,1024300
07/01/2014,8.21,8.47,8.15,8.46,8.46,1045300
07/02/2014,8.47,8.78,8.45,8.72,8.72,1387600
07/03/2014,8.75,9.27,8.65,8.9,8.9,3068700
07/07/2014,9.04,9.19,8.58,8.63,8.63,3185800
07/08/2014,8.61,8.62,8.24,8.26,8.26,2179000
07/09/2014,8.32,8.4,8.11,8.38,8.38,1369300
07/10/2014,8.07,8.14,7.88,7.9,7.9,1315700
07/11/2014,7.9,7.97,7.75,7.91,7.91,1485700
07/14/2014,7.99,7.99,7.73,7.76,7.76,734000
07/15/2014,7.85,7.88,7.35,7.41,7.41,1758500
07/16/2014,7.47,7.57,7.27,7.33,7.33,1201000
07/17/2014,7.26,7.38,6.97,7.03,7.03,1057000
07/18/2014,7.02,7.3,7.01,7.21,7.21,1047100
07/21/2014,7.18,7.18,6.99,7.08,7.08,704700
07/22/2014,7.1,7.25,7.04,7.06,7.06,498000
07/23/2014,7.08,7.24,7,7.12,7.12,1013200
07/24/2014,7.13,7.24,7.03,7.1,7.1,642600
07/25/2014,7.06,7.16,6.95,7.05,7.05,655100
07/28/2014,7.08,7.08,6.76,6.89,6.89,748800
07/29/2014,6.94,7.05,6.86,6.95,6.95,455300
07/30/2014,7.03,7.23,7,7.2,7.2,639600
07/31/2014,7.12,7.17,6.94,7.04,7.04,689700
08/01/2014,7.02,7.11,6.75,6.91,6.91,883900
08/04/2014,6.98,7.06,6.83,6.98,6.98,842200
08/05/2014,6.93,7.05,6.84,7.04,7.04,819400
08/06/2014,7.04,7.34,7.03,7.3,7.3,964500
08/07/2014,7.74,7.74,7.17,7.24,7.24,1032000
08/08/2014,7.74,7.74,7.4,7.67,7.67,1734300
08/11/2014,7.72,7.85,7.64,7.78,7.78,1159400
08/12/2014,7.74,8.08,7.73,7.98,7.98,1266200
08/13/2014,8.07,8.15,7.96,8,8,1138200
08/14/2014,8.01,8.09,7.97,8.06,8.06,796400
08/15/2014,8.12,8.17,7.95,8.04,8.04,698900
08/18/2014,8.14,8.2,8.1,8.16,8.16,785700
08/19/2014,8.22,8.27,8.05,8.09,8.09,725500
08/20/2014,8.06,8.13,7.74,7.75,7.75,974200
08/21/2014,7.84,7.84,7.34,7.51,7.51,2352100
08/22/2014,7.48,7.91,7.42,7.91,7.91,883300
08/25/2014,7.95,8.11,7.93,7.99,7.99,957100
08/26/2014,7.95,8.21,7.86,8.15,8.15,1217300
08/27/2014,8.14,8.22,8.03,8.11,8.11,571700
08/28/2014,8.08,8.14,7.94,7.97,7.97,672200
08/29/2014,7.99,8.12,7.96,8.11,8.11,457300
09/02/2014,8.13,8.17,7.98,8.02,8.02,870200
09/03/2014,8.17,8.2,8,8.03,8.03,704200
09/04/2014,8.24,8.24,8,8.03,8.03,786100
09/05/2014,8.01,8.04,7.81,7.99,7.99,660500
09/08/2014,7.98,8.12,7.93,8.11,8.11,555400
09/09/2014,8.2,8.23,8.02,8.03,8.03,748100
09/10/2014,8.07,8.27,7.99,8.27,8.27,922700
09/11/2014,8.23,8.47,8.15,8.47,8.47,831200
09/12/2014,8.44,8.5,8.17,8.26,8.26,666600
09/15/2014,8.24,8.24,8.03,8.07,8.07,505700
09/16/2014,8.03,8.06,7.82,8.01,8.01,737800
09/17/2014,7.99,8.12,7.82,8.02,8.02,533700
09/18/2014,8.07,8.23,8.04,8.13,8.13,556700
09/19/2014,8.19,8.33,7.95,8.14,8.14,2101300
09/22/2014,8.11,8.14,7.95,8.06,8.06,560800
09/23/2014,8.04,8.15,7.93,7.99,7.99,556200
09/24/2014,8,8.25,8,8.24,8.24,468500
09/25/2014,8.22,8.28,8,8.17,8.17,601300
09/26/2014,8.18,8.26,8.13,8.25,8.25,443300
09/29/2014,8.14,8.32,8.05,8.25,8.25,366100
09/30/2014,8.25,8.34,8.14,8.14,8.14,798800
10/01/2014,8.11,8.27,8.01,8.09,8.09,693900
10/02/2014,8.07,8.34,8.01,8.19,8.19,765200
10/03/2014,8.33,8.34,8.11,8.24,8.24,567900
10/06/2014,8.24,8.27,7.87,7.93,7.93,1127400
10/07/2014,7.89,7.89,7.62,7.64,7.64,952100
10/08/2014,7.62,7.64,7.41,7.55,7.55,1255600
10/09/2014,7.52,7.55,7.23,7.35,7.35,1418000
10/10/2014,7.29,7.51,7.21,7.33,7.33,1000600
10/13/2014,7.31,7.44,7.15,7.23,7.23,1204400
10/14/2014,7.31,7.37,7.02,7.25,7.25,1262300
10/15/2014,7.16,7.34,7.06,7.31,7.31,1099700
10/16/2014,7.24,7.68,7.18,7.55,7.55,992800
10/17/2014,7.7,7.7,7.33,7.4,7.4,877900
10/20/2014,7.37,7.59,7.37,7.49,7.49,518900
10/21/2014,7.54,7.65,7.44,7.62,7.62,591900
10/22/2014,7.62,7.68,7.43,7.43,7.43,542500
10/23/2014,7.51,7.85,7.49,7.81,7.81,1043300
10/24/2014,7.81,7.9,7.7,7.7,7.7,491100
10/27/2014,7.66,7.68,7.39,7.4,7.4,625500
10/28/2014,7.43,7.66,7.34,7.65,7.65,691200
10/29/2014,7.66,7.71,7.2,7.5,7.5,1030300
10/30/2014,7.44,7.75,7.44,7.65,7.65,945200
10/31/2014,7.79,7.9,7.46,7.58,7.58,843900
11/03/2014,7.58,7.72,7.45,7.52,7.52,774800
11/04/2014,7.46,7.57,7.43,7.52,7.52,512900
11/05/2014,7.58,7.58,7.27,7.33,7.33,692400
11/06/2014,7.35,7.48,7.34,7.48,7.48,718200
11/07/2014,7.5,7.67,7.21,7.33,7.33,753300
11/10/2014,7.32,7.53,7.25,7.52,7.52,542600
11/11/2014,7.52,7.6,7.37,7.39,7.39,686500
11/12/2014,7.34,7.5,7.29,7.45,7.45,539500
11/13/2014,7.43,7.49,7.22,7.25,7.25,507200
11/14/2014,7.24,7.29,7.13,7.21,7.21,648500
11/17/2014,7.21,7.42,7.21,7.39,7.39,457700
11/18/2014,7.4,7.53,7.38,7.39,7.39,412600
11/19/2014,7.4,7.4,7.16,7.22,7.22,631400
11/20/2014,7.17,7.32,7.15,7.31,7.31,511800
11/21/2014,7.44,7.44,7.21,7.25,7.25,373700
11/24/2014,7.23,7.48,7.21,7.38,7.38,415100
11/25/2014,7.43,7.46,7.32,7.36,7.36,505100
11/26/2014,7.35,7.43,7.32,7.38,7.38,380000
11/28/2014,7.41,7.44,7.2,7.21,7.21,342100
12/01/2014,7.25,7.35,7.1,7.16,7.16,705000
12/02/2014,7.2,7.31,7.14,7.29,7.29,493600
12/03/2014,7.28,7.34,7.12,7.3,7.3,407500
12/04/2014,7.26,7.35,7.18,7.2,7.2,589500
12/05/2014,7.2,7.37,7.18,7.24,7.24,842800
12/08/2014,7.21,7.35,7.19,7.22,7.22,533600
12/09/2014,7.15,7.4,7.13,7.32,7.32,888500
12/10/2014,7.38,7.45,7.21,7.21,7.21,438300
12/11/2014,7.21,7.39,7.13,7.17,7.17,494700
12/12/2014,7.06,7.29,7.06,7.1,7.1,521600
12/15/2014,7.07,7.13,6.92,6.99,6.99,836500
12/16/2014,6.94,7.18,6.9,6.96,6.96,612000
12/17/2014,6.97,7.09,6.94,7.09,7.09,1241600
12/18/2014,7.17,7.29,7.07,7.24,7.24,665600
12/19/2014,7.22,7.26,7.1,7.17,7.17,2917600
12/22/2014,7.15,7.21,6.95,6.97,6.97,605500
12/23/2014,7.01,7.05,6.75,6.75,6.75,1106900
12/24/2014,6.8,6.96,6.76,6.9,6.9,292600
12/26/2014,7,7.08,6.94,6.97,6.97,545700
12/29/2014,6.98,7.09,6.84,6.86,6.86,705900
12/30/2014,6.81,6.92,6.78,6.79,6.79,732500
12/31/2014,6.79,7.1,6.79,6.93,6.93,1201500
01/02/2015,7.11,7.24,6.99,7.15,7.15,1037400
01/05/2015,7.11,7.33,7.04,7.24,7.24,718800
01/06/2015,7.29,7.33,7,7.07,7.07,737500
01/07/2015,7.12,7.28,7.05,7.16,7.16,841600
01/08/2015,7.25,7.25,7.08,7.1,7.1,654100
01/09/2015,7.12,7.12,6.95,7.02,7.02,802300
01/12/2015,7.05,7.1,6.86,7.01,7.01,704600
01/13/2015,7.08,7.16,6.89,7,7,653700
01/14/2015,6.9,7.08,6.9,7.06,7.06,397000
01/15/2015,7.05,7.14,6.79,6.8,6.8,688100
01/16/2015,6.82,6.9,6.74,6.76,6.76,602400
01/20/2015,6.79,6.86,6.6,6.79,6.79,732600
01/21/2015,6.79,6.85,6.57,6.66,6.66,478600
01/22/2015,6.7,6.83,6.39,6.79,6.79,750300
01/23/2015,6.8,6.88,6.76,6.77,6.77,615400
01/26/2015,6.75,7,6.75,6.91,6.91,620800
01/27/2015,6.81,7.04,6.81,6.93,6.93,485000
01/28/2015,6.98,6.98,6.8,6.81,6.81,524600
01/29/2015,6.85,6.96,6.73,6.92,6.92,422900
01/30/2015,6.88,7.37,6.88,7,7,2967700
02/02/2015,7.01,7.21,6.9,6.93,6.93,901000
02/03/2015,7,7.18,6.9,7.08,7.08,1533000
02/04/2015,7.02,7.08,6.9,6.95,6.95,1228600
02/05/2015,6.98,7.08,6.94,6.99,6.99,760100
02/06/2015,7.01,7.11,6.92,6.94,6.94,673500
02/09/2015,6.89,7.07,6.88,6.97,6.97,500100
02/10/2015,7.02,7.07,6.96,6.96,6.96,544500
02/11/2015,6.96,7.02,6.87,6.92,6.92,1302000
02/12/2015,6.99,7.15,6.95,7.05,7.05,756100
02/13/2015,7.09,7.24,7.06,7.21,7.21,622000
02/17/2015,7.23,7.38,7.21,7.23,7.23,1344600
02/18/2015,7.24,7.36,7.23,7.34,7.34,886300
02/19/2015,7.34,7.67,7.33,7.66,7.66,992900
02/20/2015,7.68,7.68,7.35,7.46,7.46,3732400
02/23/2015,6.04,6.29,5.65,6.28,6.28,8172900
02/24/2015,6.25,6.25,6.06,6.22,6.22,1616200
02/25/2015,6.19,6.46,6.13,6.35,6.35,2072700
02/26/2015,6.36,6.36,6.12,6.19,6.19,2171100
02/27/2015,6.19,6.28,6.06,6.23,6.23,1671800
03/02/2015,6.22,6.24,6.05,6.16,6.16,1502000
03/03/2015,6.16,6.17,6,6.06,6.06,906900
03/04/2015,6.13,6.33,6.04,6.31,6.31,1884700
03/05/2015,6.34,6.35,6.06,6.24,6.24,1287700
03/06/2015,6.22,6.53,6.12,6.26,6.26,2380700
03/09/2015,6.3,6.46,5.98,6.1,6.1,1405800
03/10/2015,6.05,6.23,6,6.15,6.15,1030200
03/11/2015,6.14,6.23,6.05,6.23,6.23,729100
03/12/2015,6.24,6.32,6.17,6.26,6.26,1283600
03/13/2015,6.37,6.5,6.1,6.24,6.24,1717300
03/16/2015,6.25,6.28,6.1,6.24,6.24,1458600
03/17/2015,6.21,6.45,6.21,6.38,6.38,1966900
03/18/2015,6.36,6.4,6.18,6.27,6.27,955600
03/19/2015,6.27,6.45,6.25,6.41,6.41,846200
03/20/2015,6.44,6.55,6.15,6.17,6.17,2407300
03/23/2015,6.19,6.26,6.02,6.21,6.21,916400
03/24/2015,6.2,6.31,6.1,6.13,6.13,1045900
03/25/2015,6.16,6.22,5.89,5.97,5.97,1931100
03/26/2015,5.97,6.02,5.81,5.95,5.95,1186900
03/27/2015,5.93,6.05,5.88,6.01,6.01,705900
03/30/2015,6.05,6.11,5.94,6.11,6.11,802300
03/31/2015,6.11,6.16,5.99,6.07,6.07,1028100
04/01/2015,6.02,6.02,5.86,5.91,5.91,1056400
04/02/2015,6.13,6.13,5.92,5.97,5.97,877100
04/06/2015,5.98,5.98,5.83,5.91,5.91,798500
04/07/2015,5.91,6.08,5.86,5.89,5.89,1034000
04/08/2015,5.87,5.93,5.58,5.84,5.84,3309200
04/09/2015,5.86,5.96,5.79,5.92,5.92,1303300
04/10/2015,5.92,6.08,5.92,6,6,596400
04/13/2015,5.97,6.12,5.96,6.04,6.04,585600
04/14/2015,6.03,6.08,6,6.01,6.01,412400
04/15/2015,6.01,6.17,6,6.08,6.08,581800
04/16/2015,6.09,6.15,6.05,6.09,6.09,245700
04/17/2015,6.04,6.1,5.9,5.97,5.97,810600
04/20/2015,6,6,5.83,5.94,5.94,583100
04/21/2015,5.97,6.03,5.93,5.94,5.94,466800
04/22/2015,5.95,6.07,5.89,5.98,5.98,735500
04/23/2015,5.96,6.05,5.93,6.03,6.03,534000
04/24/2015,6.04,6.19,6.01,6.1,6.1,482800
04/27/2015,6.14,6.18,5.89,5.96,5.96,1069200
04/28/2015,5.95,6.09,5.78,5.9,5.9,874500
04/29/2015,5.88,5.96,5.81,5.83,5.83,918200
04/30/2015,5.79,5.86,5.45,5.65,5.65,1991000
05/01/2015,5.64,5.89,5.54,5.84,5.84,1097900
05/04/2015,5.87,6.11,5.83,6,6,1397000
05/05/2015,6.1,6.1,5.86,5.99,5.99,1041900
05/06/2015,6,6.05,5.9,5.94,5.94,1188400
05/07/2015,5.96,6.03,5.79,5.89,5.89,1125900
05/08/2015,5.61,5.7,5.56,5.68,5.68,2140600
05/11/2015,5.65,6.19,5.63,6.06,6.06,3042600
05/12/2015,6.34,6.83,6.21,6.67,6.67,3807100
05/13/2015,6.5,6.8,6.27,6.77,6.77,2341200
05/14/2015,6.89,6.99,6.69,6.82,6.82,1411300
05/15/2015,6.85,6.86,6.64,6.68,6.68,885200
05/18/2015,6.67,6.68,6.48,6.56,6.56,1260400
05/19/2015,6.51,6.57,6.36,6.5,6.5,993300
05/20/2015,6.49,6.52,6.35,6.39,6.39,961900
05/21/2015,6.35,6.41,6.27,6.31,6.31,825200
05/22/2015,6.32,6.46,6.27,6.34,6.34,686500
05/26/2015,6.33,6.35,6.19,6.24,6.24,927900
05/27/2015,6.26,6.32,6.13,6.24,6.24,798300
05/28/2015,6.22,6.23,6.1,6.22,6.22,701700
05/29/2015,6.15,6.31,6.15,6.27,6.27,666500
06/01/2015,6.3,6.37,6.11,6.14,6.14,842000
06/02/2015,6.13,6.3,6.09,6.19,6.19,574100
06/03/2015,6.19,6.78,6.19,6.74,6.74,1464500
06/04/2015,6.7,6.77,6.63,6.74,6.74,748700
06/05/2015,6.74,6.92,6.65,6.91,6.91,769500
06/08/2015,6.9,6.9,6.74,6.85,6.85,513000
06/09/2015,6.87,6.88,6.64,6.65,6.65,701400
06/10/2015,6.65,6.76,6.61,6.69,6.69,535300
06/11/2015,6.68,6.81,6.67,6.79,6.79,300600
06/12/2015,6.79,6.8,6.72,6.74,6.74,352400
06/15/2015,6.7,6.78,6.55,6.78,6.78,471800
06/16/2015,6.75,6.8,6.64,6.68,6.68,390500
06/17/2015,6.71,6.74,6.64,6.71,6.71,428200
06/18/2015,6.74,6.93,6.69,6.93,6.93,632500
06/19/2015,6.97,7.11,6.88,7.11,7.11,1486000
06/22/2015,7.13,7.37,7.07,7.37,7.37,964500
06/23/2015,7.36,7.38,7.2,7.33,7.33,544400
06/24/2015,7.33,7.35,7.03,7.05,7.05,879200
06/25/2015,7.05,7.09,6.74,6.89,6.89,1004500
06/26/2015,6.91,7.01,6.8,6.96,6.96,799000
06/29/2015,7,7,6.56,6.56,6.56,768800
06/30/2015,6.58,6.84,6.57,6.84,6.84,984400
07/01/2015,6.87,7.05,6.72,6.89,6.89,1097500
07/02/2015,6.92,7,6.88,6.98,6.98,455900
07/06/2015,6.92,7.2,6.85,7.04,7.04,694000
07/07/2015,7.07,7.16,6.88,7.15,7.15,774000
07/08/2015,7.12,7.23,6.87,6.9,6.9,1034400
07/09/2015,6.93,7.1,6.91,7.03,7.03,685600
07/10/2015,7.11,7.11,6.95,7.08,7.08,391000
07/13/2015,7.09,7.2,7.05,7.15,7.15,533000
07/14/2015,7.12,7.31,7.12,7.28,7.28,397700
07/15/2015,7.25,7.32,7.13,7.26,7.26,587700
07/16/2015,7.32,7.41,7.27,7.4,7.4,998200
07/17/2015,7.41,7.45,7.23,7.44,7.44,745500
07/20/2015,7.44,7.49,7.31,7.41,7.41,671200
07/21/2015,7.38,7.46,7.27,7.27,7.27,583300
07/22/2015,7.25,7.35,7.15,7.3,7.3,387000
07/23/2015,7.33,7.35,7.11,7.13,7.13,468100
07/24/2015,7.08,7.1,6.85,6.85,6.85,859100
07/27/2015,6.85,7.06,6.69,6.85,6.85,686000
07/28/2015,6.89,7.04,6.79,7.04,7.04,726800
07/29/2015,7.03,7.08,6.8,6.81,6.81,955700
07/30/2015,6.74,6.87,6.65,6.77,6.77,629300
07/31/2015,6.78,7.07,6.71,6.92,6.92,625100
08/03/2015,6.94,6.99,6.77,6.97,6.97,649700
08/04/2015,7,7.05,6.86,7.03,7.03,628700
08/05/2015,7.02,7.13,6.98,7.08,7.08,528200
08/06/2015,7.05,7.1,6.98,6.98,6.98,1432100
08/07/2015,7.03,7.74,6.74,7.48,7.48,2778600
08/10/2015,7.55,7.69,7.3,7.39,7.39,1579600
08/11/2015,7.35,7.52,7.28,7.38,7.38,1066900
08/12/2015,7.26,7.43,7.06,7.33,7.33,1116900
08/13/2015,7.37,7.46,7.2,7.23,7.23,777300
08/14/2015,7.14,7.37,6.91,6.95,6.95,3072400
08/17/2015,7.19,7.34,7,7.1,7.1,1885800
08/18/2015,7.1,7.2,6.97,7.03,7.03,1336400
08/19/2015,6.98,7.2,6.96,7.05,7.05,992300
08/20/2015,6.97,7.08,6.78,6.78,6.78,1229100
08/21/2015,6.66,7.2,6.66,6.99,6.99,1957300
08/24/2015,6.69,7.15,6.63,6.83,6.83,2607300
08/25/2015,7.03,7.19,6.73,6.92,6.92,2240400
08/26/2015,7.08,7.32,6.91,7.32,7.32,1496600
08/27/2015,7.37,7.6,7.31,7.49,7.49,1734500
08/28/2015,7.47,7.66,7.45,7.6,7.6,1484100
08/31/2015,7.59,7.64,7.24,7.27,7.27,1025500
09/01/2015,7.16,7.25,7,7.02,7.02,1898200
09/02/2015,7.13,7.35,6.5,6.62,6.62,3520600
09/03/2015,6.65,6.82,6.34,6.37,6.37,2921700
09/04/2015,6.3,6.44,6.23,6.28,6.28,1739900
09/08/2015,6.48,6.59,6.27,6.4,6.4,1430300
09/09/2015,6.49,6.49,6.29,6.33,6.33,1310100
09/10/2015,6.33,6.55,6.33,6.54,6.54,1252900
09/11/2015,6.46,6.72,6.4,6.71,6.71,1229500
09/14/2015,6.69,6.78,6.53,6.61,6.61,916500
09/15/2015,6.61,6.67,6.48,6.62,6.62,1115000
09/16/2015,6.61,6.68,6.53,6.6,6.6,919800
09/17/2015,6.57,6.92,6.52,6.82,6.82,1302500
09/18/2015,6.74,6.93,6.68,6.87,6.87,1883200
09/21/2015,6.96,7.13,6.77,6.81,6.81,1574200
09/22/2015,6.73,6.93,6.69,6.89,6.89,1259700
09/23/2015,6.93,7.11,6.87,6.98,6.98,730200
09/24/2015,6.95,7.05,6.82,7,7,644600
09/25/2015,7.05,7.06,6.42,6.61,6.61,1892300
09/28/2015,6.56,6.56,6.07,6.16,6.16,2199000
09/29/2015,6.14,6.35,5.85,5.92,5.92,2078500
09/30/2015,5.99,6.34,5.78,5.98,5.98,1731100
10/01/2015,5.98,6.12,5.63,5.75,5.75,1358800
10/02/2015,5.66,5.98,5.42,5.98,5.98,1284700
10/05/2015,6.02,6.17,5.88,5.96,5.96,1601200
10/06/2015,5.97,6.07,5.62,5.67,5.67,1389800
10/07/2015,5.7,6.05,5.6,5.78,5.78,2143400
10/08/2015,5.74,6.15,5.71,6.13,6.13,1329500
10/09/2015,6.12,6.45,6.08,6.2,6.2,905100
10/12/2015,6.22,6.32,6.14,6.18,6.18,827900
10/13/2015,6.12,6.29,5.97,5.98,5.98,1036300
10/14/2015,6.01,6.3,6.01,6.12,6.12,1326700
10/15/2015,6.11,6.62,6.03,6.62,6.62,883700
10/16/2015,6.65,6.85,6.54,6.65,6.65,1162700
10/19/2015,6.62,7.02,6.62,6.93,6.93,1261900
10/20/2015,6.93,6.94,6.61,6.68,6.68,1296300
10/21/2015,6.76,6.86,6.44,6.69,6.69,1509900
10/22/2015,6.72,6.84,6.51,6.64,6.64,1600300
10/23/2015,5,5.35,4.89,5.33,5.33,4827600
10/26/2015,5.33,5.49,5.21,5.25,5.25,1734700
10/27/2015,5.25,5.39,5.16,5.26,5.26,1884600
10/28/2015,5.24,5.36,5.22,5.32,5.32,3381100
10/29/2015,5.32,5.43,5.11,5.11,5.11,1728000
10/30/2015,5.15,5.29,5.06,5.21,5.21,1022900
11/02/2015,5.21,5.3,5.08,5.26,5.26,1343500
11/03/2015,5.23,5.44,5.15,5.26,5.26,1158200
11/04/2015,5.29,5.41,5.19,5.26,5.26,837200
11/05/2015,5.33,5.33,4.9,5.18,5.18,1416900
11/06/2015,5.15,5.28,4.95,5.25,5.25,1153700
11/09/2015,5.21,5.34,5.09,5.26,5.26,1004200
11/10/2015,5.29,5.35,5.17,5.28,5.28,1035900
11/11/2015,5.28,5.33,5.13,5.15,5.15,856400
11/12/2015,5.11,5.2,5.04,5.07,5.07,882100
11/13/2015,5.05,5.26,4.99,5.24,5.24,1036000
11/16/2015,5.21,5.25,5,5.15,5.15,1149800
11/17/2015,5.18,5.3,5.06,5.19,5.19,657300
11/18/2015,5.19,5.46,5.18,5.44,5.44,886100
11/19/2015,5.42,5.61,5.36,5.39,5.39,642400
11/20/2015,5.45,5.5,5.3,5.34,5.34,529000
11/23/2015,5.36,5.72,5.36,5.48,5.48,1013200
11/24/2015,5.47,5.54,5.33,5.48,5.48,692100
11/25/2015,5.47,5.74,5.47,5.69,5.69,544000
11/27/2015,5.69,5.86,5.61,5.76,5.76,291700
11/30/2015,5.79,6.08,5.74,6,6,881900
12/01/2015,6.01,6.05,5.72,5.94,5.94,759800
12/02/2015,5.96,6.08,5.79,5.8,5.8,638800
12/03/2015,5.79,5.89,5.62,5.67,5.67,748200
12/04/2015,5.67,5.73,5.56,5.62,5.62,743400
12/07/2015,5.58,5.7,5.49,5.52,5.52,733600
12/08/2015,5.47,5.66,5.44,5.65,5.65,553400
12/09/2015,5.6,5.78,5.52,5.53,5.53,528800
12/10/2015,5.51,5.7,5.51,5.66,5.66,366600
12/11/2015,5.56,5.67,5.29,5.29,5.29,772300
12/14/2015,5.33,5.44,5.21,5.31,5.31,877900
12/15/2015,5.33,5.54,5.29,5.39,5.39,891200
12/16/2015,5.43,5.88,5.43,5.85,5.85,1023000
12/17/2015,5.88,5.94,5.71,5.86,5.86,575500
12/18/2015,5.84,6.12,5.8,6.04,6.04,6557800
12/21/2015,6,6.02,5.78,5.84,5.84,739100
12/22/2015,5.81,6.02,5.78,5.98,5.98,524300
12/23/2015,5.98,6.06,5.95,6.04,6.04,381800
12/24/2015,6.05,6.13,6.03,6.06,6.06,221200
12/28/2015,6.02,6.11,5.93,6.01,6.01,604500
12/29/2015,6.03,6.25,6.03,6.22,6.22,509100
12/30/2015,6.25,6.26,6.08,6.14,6.14,466200
12/31/2015,6.09,6.17,5.98,6.03,6.03,432100
01/04/2016,5.94,5.98,5.72,5.8,5.8,704700
01/05/2016,5.8,5.84,5.68,5.73,5.73,446200
01/06/2016,5.67,5.68,5.47,5.52,5.52,561400
01/07/2016,5.43,5.43,5.23,5.24,5.24,590300
01/08/2016,5.29,5.34,5.13,5.21,5.21,636500
01/11/2016,5.27,5.27,4.86,5.01,5.01,1055100
01/12/2016,5.05,5.29,4.96,5.19,5.19,1263300
01/13/2016,5.19,5.31,4.8,4.86,4.86,1102700
01/14/2016,4.92,5.2,4.73,5.04,5.04,1444600
01/15/2016,4.9,5,4.76,4.98,4.98,973200
01/19/2016,5.06,5.08,4.62,4.71,4.71,1064400
01/20/2016,4.63,5.04,4.51,4.99,4.99,1365700
01/21/2016,4.97,5.28,4.89,5.13,5.13,882000
01/22/2016,5.2,5.28,5.07,5.19,5.19,906500
01/25/2016,5.13,5.32,5.1,5.13,5.13,889900
01/26/2016,5.18,5.24,4.91,5.23,5.23,545100
01/27/2016,5.22,5.28,4.97,4.98,4.98,702800
01/28/2016,5.01,5.08,4.74,4.77,4.77,1049000
01/29/2016,4.81,4.96,4.72,4.96,4.96,896600
02/01/2016,4.91,4.99,4.65,4.84,4.84,1003200
02/02/2016,4.79,4.81,4.64,4.75,4.75,664900
02/03/2016,4.76,4.82,4.47,4.63,4.63,1018100
02/04/2016,4.61,4.91,4.61,4.74,4.74,661000
02/05/2016,4.72,4.75,4.54,4.63,4.63,945400
02/08/2016,4.58,4.59,4.25,4.39,4.39,950700
02/09/2016,4.28,4.52,4.14,4.28,4.28,924900
02/10/2016,4.35,4.7,4.29,4.42,4.42,704300
02/11/2016,4.32,4.41,4.26,4.35,4.35,623200
02/12/2016,4.39,4.53,4.28,4.52,4.52,675700
02/16/2016,4.53,4.6,4.35,4.49,4.49,1028900
02/17/2016,4.52,4.67,4.37,4.55,4.55,959500
02/18/2016,4.57,4.74,4.38,4.45,4.45,837000
02/19/2016,4.46,4.72,4.39,4.68,4.68,788300
02/22/2016,4.71,4.75,4.58,4.65,4.65,611300
02/23/2016,4.63,4.79,4.55,4.56,4.56,604600
02/24/2016,4.52,4.66,4.31,4.64,4.64,610900
02/25/2016,4.65,4.75,4.5,4.65,4.65,774900
02/26/2016,4.67,4.73,4.59,4.69,4.69,553800
02/29/2016,4.68,4.74,4.47,4.52,4.52,725000
03/01/2016,4.52,4.67,4.47,4.65,4.65,672200
03/02/2016,4.63,5.03,4.6,5.01,5.01,1263700
03/03/2016,4.98,5.18,4.89,4.93,4.93,631600
03/04/2016,4.92,5.22,4.87,5.05,5.05,840700
03/07/2016,5.01,5.45,4.94,5.36,5.36,837900
03/08/2016,5.33,5.33,5.03,5.07,5.07,702900
03/09/2016,5.06,5.08,4.85,5.01,5.01,820000
03/10/2016,5.16,5.57,5.11,5.47,5.47,1427000
03/11/2016,5.57,5.79,5.26,5.79,5.79,1291500
03/14/2016,5.84,6.07,5.79,5.85,5.85,1145600
03/15/2016,6.11,6.13,5.7,5.71,5.71,1320700
03/16/2016,5.63,5.66,5.45,5.62,5.62,1135800
03/17/2016,5.6,5.89,5.34,5.86,5.86,1387100
03/18/2016,5.91,6.1,5.85,5.96,5.96,3611600
03/21/2016,5.94,6.18,5.83,6.08,6.08,785400
03/22/2016,6.01,6.2,6.01,6.17,6.17,704000
03/23/2016,6.18,6.33,5.86,5.87,5.87,701000
03/24/2016,5.8,6.07,5.7,5.96,5.96,464500
03/28/2016,6.03,6.05,5.74,5.8,5.8,477500
03/29/2016,5.79,6.07,5.62,6.03,6.03,671900
03/30/2016,6.12,6.33,6.04,6.29,6.29,1119200
03/31/2016,6.29,6.45,6.16,6.36,6.36,764000
04/01/2016,6.33,6.48,6.28,6.47,6.47,714800
04/04/2016,6.46,6.86,6.44,6.72,6.72,1145800
04/05/2016,6.65,6.74,6.51,6.58,6.58,672000
04/06/2016,6.6,7.02,6.59,7,7,935700
04/07/2016,6.95,7.05,6.72,6.87,6.87,710200
04/08/2016,6.97,7,6.78,6.87,6.87,467700
04/11/2016,6.93,6.98,6.82,6.83,6.83,689400
04/12/2016,6.83,6.93,6.73,6.93,6.93,468400
04/13/2016,6.96,7.2,6.88,7.15,7.15,598900
04/14/2016,7.14,7.29,7.11,7.16,7.16,496700
04/15/2016,7.11,7.44,7.11,7.38,7.38,485700
04/18/2016,7.34,7.49,7.28,7.32,7.32,1003600
04/19/2016,7.33,7.34,7.14,7.25,7.25,654500
04/20/2016,7.41,7.49,7.25,7.35,7.35,528900
04/21/2016,7.34,7.42,7.27,7.41,7.41,545400
04/22/2016,7.39,7.62,7.39,7.6,7.6,431700
04/25/2016,7.63,7.74,7.56,7.65,7.65,391300
04/26/2016,7.65,7.65,7.2,7.24,7.24,616300
04/27/2016,7.19,7.22,7.02,7.14,7.14,485800
04/28/2016,7.14,7.39,7,7.16,7.16,459800
04/29/2016,7.14,7.25,7.03,7.09,7.09,416200
05/02/2016,7.14,7.3,7.02,7.3,7.3,407700
05/03/2016,7.2,7.24,7.06,7.13,7.13,589600
05/04/2016,7.09,7.09,6.92,6.96,6.96,578700
05/05/2016,6.91,7,6.4,6.4,6.4,1091200
05/06/2016,7.05,7.33,6.8,7.15,7.15,3089700
05/09/2016,7.21,7.33,6.96,7.27,7.27,1371500
05/10/2016,7.32,7.48,7.23,7.45,7.45,793600
05/11/2016,7.4,7.58,7.3,7.31,7.31,658800
05/12/2016,7.34,7.35,6.97,7.07,7.07,920000
05/13/2016,7.03,7.22,6.97,7.11,7.11,1202400
05/16/2016,7.15,7.25,7.11,7.2,7.2,733600
05/17/2016,7.18,7.26,7.07,7.1,7.1,780100
05/18/2016,7.06,7.23,7.04,7.18,7.18,598500
05/19/2016,7.15,7.24,7.1,7.19,7.19,521200
05/20/2016,7.2,7.29,7.12,7.27,7.27,655400
05/23/2016,7.27,7.36,7.23,7.3,7.3,590800
05/24/2016,7.35,7.38,7.28,7.37,7.37,942400
05/25/2016,7.41,7.67,7.38,7.53,7.53,813100
05/26/2016,7.52,7.62,7.41,7.44,7.44,824600
05/27/2016,7.44,7.55,7.39,7.43,7.43,641600
05/31/2016,7.48,7.52,7.4,7.49,7.49,1410300
06/01/2016,7.46,7.55,7.44,7.49,7.49,683800
06/02/2016,7.47,7.54,7.47,7.52,7.52,821400
06/03/2016,7.5,7.54,7.27,7.34,7.34,660400
06/06/2016,7.34,7.34,7.17,7.28,7.28,756600
06/07/2016,7.26,7.28,7.13,7.2,7.2,759100
06/08/2016,7.2,7.24,7.11,7.11,7.11,594400
06/09/2016,7.07,7.12,6.95,6.97,6.97,620900
06/10/2016,6.94,6.98,6.82,6.94,6.94,465400
06/13/2016,6.92,7.02,6.87,6.87,6.87,450000
06/14/2016,6.86,6.92,6.69,6.76,6.76,405100
06/15/2016,6.81,6.93,6.8,6.82,6.82,451900
06/16/2016,6.77,6.9,6.65,6.82,6.82,938200
06/17/2016,6.85,6.87,6.75,6.76,6.76,2003800
06/20/2016,6.83,6.86,6.7,6.76,6.76,501100
06/21/2016,6.79,6.81,6.69,6.72,6.72,504400
06/22/2016,6.72,6.89,6.71,6.8,6.8,1141500
06/23/2016,6.87,6.89,6.79,6.81,6.81,872700
06/24/2016,6.46,6.61,6.4,6.47,6.47,926400
06/27/2016,6.36,6.5,6.25,6.33,6.33,785900
06/28/2016,6.41,6.55,6.33,6.52,6.52,1130000
06/29/2016,6.6,6.68,6.47,6.57,6.57,1394600
06/30/2016,6.6,6.66,6.53,6.57,6.57,806300
07/01/2016,6.58,6.71,6.58,6.69,6.69,645200
07/05/2016,6.64,6.77,6.64,6.71,6.71,619400
07/06/2016,6.67,6.8,6.67,6.79,6.79,704700
07/07/2016,6.79,6.84,6.74,6.79,6.79,503400
07/08/2016,6.8,6.81,6.74,6.75,6.75,686700
07/11/2016,6.76,6.8,6.69,6.7,6.7,557600
07/12/2016,6.74,6.83,6.71,6.74,6.74,755100
07/13/2016,6.75,6.78,6.58,6.62,6.62,797600
07/14/2016,6.65,6.69,6.57,6.62,6.62,880200
07/15/2016,6.67,6.69,6.59,6.65,6.65,709000
07/18/2016,6.63,6.68,6.59,6.59,6.59,562400
07/19/2016,6.54,6.64,6.25,6.27,6.27,678000
07/20/2016,6.31,6.51,6.3,6.48,6.48,1394200
07/21/2016,6.49,6.57,6.44,6.5,6.5,606100
07/22/2016,6.5,6.58,6.46,6.53,6.53,726900
07/25/2016,6.52,6.55,6.43,6.47,6.47,493400
07/26/2016,6.47,6.59,6.46,6.51,6.51,468500
07/27/2016,6.52,6.85,6.47,6.84,6.84,614100
07/28/2016,6.85,6.92,6.82,6.82,6.82,424100
07/29/2016,6.82,6.89,6.77,6.87,6.87,412600
08/01/2016,6.89,7.1,6.87,7.05,7.05,547900
08/02/2016,7.07,7.09,6.86,6.95,6.95,538900
08/03/2016,6.95,7.1,6.93,7.08,7.08,493000
08/04/2016,7.1,7.16,7,7.03,7.03,486300
08/05/2016,7.05,7.15,7.03,7.1,7.1,365700
08/08/2016,7.13,7.14,6.96,6.98,6.98,410300
08/09/2016,6.94,7.15,6.79,7.07,7.07,632300
08/10/2016,6.82,6.9,5.61,5.72,5.72,3730100
08/11/2016,5.74,6.04,5.72,5.91,5.91,1111800
08/12/2016,5.9,5.9,5.75,5.81,5.81,983100
08/15/2016,5.82,6.17,5.8,6,6,765100
08/16/2016,5.9,6.03,5.82,5.93,5.93,685700
08/17/2016,5.92,6.04,5.82,5.91,5.91,981300
08/18/2016,5.93,6.05,5.83,5.93,5.93,1054200
08/19/2016,5.92,5.97,5.8,5.91,5.91,1727000
08/22/2016,5.93,6.15,5.92,6.03,6.03,627200
08/23/2016,6.04,6.04,5.88,5.99,5.99,537100
08/24/2016,5.97,6.05,5.6,5.62,5.62,946500
08/25/2016,5.64,5.75,5.42,5.64,5.64,1015200
08/26/2016,5.62,5.77,5.51,5.59,5.59,723500
08/29/2016,5.62,5.68,5.49,5.51,5.51,630100
08/30/2016,5.52,5.62,5.45,5.5,5.5,790200
08/31/2016,5.47,5.47,5.13,5.31,5.31,1701200
09/01/2016,5.33,5.4,5.23,5.29,5.29,863900
09/02/2016,5.31,5.36,5.12,5.24,5.24,1104700
09/06/2016,5.28,5.32,5.2,5.29,5.29,837700
09/07/2016,5.3,5.41,5.26,5.38,5.38,630100
09/08/2016,5.4,5.51,5.37,5.48,5.48,600300
09/09/2016,5.45,5.53,5.38,5.38,5.38,748800
09/12/2016,5.33,5.72,5.31,5.69,5.69,931500
09/13/2016,5.69,5.69,5.39,5.49,5.49,893700
09/14/2016,5.48,5.55,4.69,5.04,5.04,2368300
09/15/2016,4.95,5.04,4.6,4.85,4.85,1236000
09/16/2016,4.84,5.01,4.75,4.82,4.82,2378500
09/19/2016,4.81,4.95,4.7,4.72,4.72,785200
09/20/2016,4.74,4.75,4.6,4.62,4.62,741000
09/21/2016,4.6,4.62,4.35,4.47,4.47,1797700
09/22/2016,4.47,4.86,4.47,4.81,4.81,1353600
09/23/2016,4.82,4.89,4.67,4.72,4.72,676100
09/26/2016,4.72,4.79,4.65,4.66,4.66,610500
09/27/2016,4.66,4.74,4.6,4.74,4.74,523300
09/28/2016,4.77,4.81,4.64,4.73,4.73,636300
09/29/2016,4.74,4.74,4.57,4.58,4.58,726000
09/30/2016,4.6,4.71,4.55,4.67,4.67,469100
10/03/2016,4.62,4.69,4.59,4.66,4.66,683700
10/04/2016,4.64,4.68,4.53,4.55,4.55,769600
10/05/2016,4.55,4.71,4.52,4.62,4.62,507100
10/06/2016,4.59,4.64,4.49,4.54,4.54,564400
10/07/2016,4.53,4.64,4.53,4.59,4.59,371300
10/10/2016,4.64,4.73,4.64,4.7,4.7,369500
10/11/2016,4.67,4.71,4.5,4.52,4.52,457000
10/12/2016,4.51,4.56,4.3,4.32,4.32,619300
10/13/2016,4.3,4.38,4.22,4.24,4.24,676800
10/14/2016,4.29,4.29,3.94,3.95,3.95,989300
10/17/2016,3.95,4.08,3.92,3.99,3.99,873400
10/18/2016,4.06,4.11,3.99,4.02,4.02,579300
10/19/2016,4.02,4.05,3.9,3.95,3.95,719200
10/20/2016,3.93,4.01,3.93,3.98,3.98,494700
10/21/2016,3.95,4,3.92,3.94,3.94,362400
10/24/2016,3.96,3.98,3.81,3.83,3.83,506900
10/25/2016,3.84,3.87,3.66,3.66,3.66,675500
10/26/2016,3.65,3.76,3.61,3.75,3.75,678500
10/27/2016,3.77,3.87,3.73,3.77,3.77,533500
10/28/2016,3.76,3.8,3.55,3.67,3.67,565000
10/31/2016,3.67,3.7,3.5,3.54,3.54,696700
11/01/2016,3.55,3.6,3.43,3.58,3.58,1306900
11/02/2016,3.55,3.63,3.48,3.49,3.49,461000
11/03/2016,3.51,3.52,3.21,3.22,3.22,1124600
11/04/2016,3.35,3.61,3.34,3.52,3.52,2015600
11/07/2016,3.6,3.67,3.52,3.63,3.63,1025900
11/08/2016,3.6,3.67,3.46,3.61,3.61,537300
11/09/2016,3.73,4.18,3.73,4.18,4.18,1593000
11/10/2016,4.29,4.32,4.13,4.21,4.21,1008500
11/11/2016,4.25,4.53,4.14,4.5,4.5,1249000
11/14/2016,4.68,4.8,4.4,4.79,4.79,1237400
11/15/2016,4.78,4.78,4.37,4.4,4.4,1093800
11/16/2016,4.4,4.43,4.26,4.27,4.27,645200
11/17/2016,4.36,4.41,4.25,4.27,4.27,523300
11/18/2016,4.25,4.33,4.19,4.27,4.27,611100
11/21/2016,4.27,4.53,4.22,4.52,4.52,543200
11/22/2016,4.53,4.63,4.29,4.3,4.3,712700
11/23/2016,4.24,4.38,4.11,4.38,4.38,551800
11/25/2016,4.37,4.37,4.28,4.33,4.33,217800
11/28/2016,4.32,4.32,4.07,4.1,4.1,670600
11/29/2016,4.1,4.16,3.98,3.99,3.99,542700
11/30/2016,4,4.08,3.85,3.91,3.91,754600
12/01/2016,3.9,4.14,3.86,4.1,4.1,2098600
12/02/2016,4.08,4.11,3.91,4,4,477500
12/05/2016,4,4.2,3.94,4.03,4.03,824300
12/06/2016,3.97,4.28,3.93,4.23,4.23,800500
12/07/2016,4.14,4.29,3.89,4.14,4.14,1579800
12/08/2016,4.05,4.18,3.95,4.16,4.16,1002800
12/09/2016,4.23,4.56,4.17,4.44,4.44,971500
12/12/2016,4.42,4.46,4.23,4.44,4.44,755700
12/13/2016,4.45,4.56,4.34,4.42,4.42,797000
12/14/2016,4.4,4.48,4.21,4.31,4.31,649600
12/15/2016,4.34,4.6,4.25,4.57,4.57,675400
12/16/2016,4.61,4.69,4.5,4.63,4.63,2541800
12/19/2016,4.65,4.87,4.65,4.68,4.68,867600
12/20/2016,4.7,4.75,4.51,4.62,4.62,695100
12/21/2016,4.6,4.64,4.34,4.34,4.34,398200
12/22/2016,4.38,4.39,4.21,4.32,4.32,497900
12/23/2016,4.32,4.62,4.31,4.62,4.62,324700
12/27/2016,4.66,4.73,4.52,4.55,4.55,464900
12/28/2016,4.58,4.59,4.42,4.5,4.5,430300
12/29/2016,4.5,4.58,4.36,4.45,4.45,304800
12/30/2016,4.46,4.53,4.38,4.43,4.43,349800
01/03/2017,4.47,4.58,4.28,4.46,4.46,506800
01/04/2017,4.48,4.75,4.37,4.74,4.74,526900
01/05/2017,4.75,4.88,4.64,4.8,4.8,460500
01/06/2017,4.8,4.83,4.72,4.81,4.81,490000
01/09/2017,4.84,4.87,4.67,4.69,4.69,447700
01/10/2017,4.72,4.8,4.59,4.64,4.64,489800
01/11/2017,4.64,4.69,4.46,4.55,4.55,832400
01/12/2017,4.54,4.62,4.42,4.56,4.56,437500
01/13/2017,4.56,4.66,4.53,4.65,4.65,521500
01/17/2017,4.62,4.62,4.46,4.55,4.55,460900
01/18/2017,4.55,4.62,4.48,4.61,4.61,282500
01/19/2017,4.61,4.62,4.51,4.6,4.6,332000
01/20/2017,4.6,4.64,4.53,4.6,4.6,419000
01/23/2017,4.58,4.59,4.48,4.57,4.57,318300
01/24/2017,4.57,4.65,4.4,4.64,4.64,452600
01/25/2017,4.7,4.75,4.58,4.63,4.63,245600
01/26/2017,4.65,4.69,4.55,4.58,4.58,267300
01/27/2017,4.58,4.61,4.5,4.57,4.57,351400
01/30/2017,4.53,4.54,4.41,4.49,4.49,463900
01/31/2017,4.45,4.68,4.31,4.66,4.66,568900
02/01/2017,4.68,4.92,4.67,4.74,4.74,850800
02/02/2017,4.73,5.11,4.66,5.09,5.09,980900
02/03/2017,5.14,5.15,5,5.05,5.05,599500
02/06/2017,5.04,5.18,5.02,5.11,5.11,513300
02/07/2017,5.1,5.1,4.9,4.96,4.96,535200
02/08/2017,4.93,5.03,4.86,4.99,4.99,461800
02/09/2017,5,5.24,5,5.12,5.12,501300
02/10/2017,5.25,5.72,5.14,5.48,5.48,1027600
02/13/2017,5.51,5.75,5.43,5.44,5.44,690700
02/14/2017,5.45,5.84,5.45,5.73,5.73,680900
02/15/2017,5.72,5.95,5.69,5.94,5.94,674200
02/16/2017,5.97,6.04,5.83,6.02,6.02,787600
02/17/2017,6.03,6.03,5.68,5.91,5.91,902300
02/21/2017,5.96,6.03,5.81,5.84,5.84,719000
02/22/2017,5.84,5.95,5.74,5.75,5.75,524700
02/23/2017,5.78,5.92,5.73,5.89,5.89,603500
02/24/2017,5.86,5.93,5.77,5.8,5.8,473200
02/27/2017,5.83,6.29,5.81,6.27,6.27,1017000
02/28/2017,6.3,6.43,6.17,6.4,6.4,1098500
03/01/2017,6.55,6.8,6.5,6.73,6.73,1621900
03/02/2017,6.73,6.92,6.43,6.46,6.46,1411400
03/03/2017,6.43,6.6,6.32,6.41,6.41,969100
03/06/2017,6.41,6.56,6.28,6.42,6.42,933100
03/07/2017,6.38,6.48,6.22,6.31,6.31,768800
03/08/2017,6.32,6.47,6.25,6.28,6.28,1024500
03/09/2017,6,6.39,5.65,6.06,6.06,1257300
03/10/2017,6.14,6.37,6.14,6.37,6.37,788000
03/13/2017,6.37,6.67,6.3,6.53,6.53,942100
03/14/2017,6.49,6.63,6.21,6.21,6.21,919400
03/15/2017,6.21,6.53,6.21,6.41,6.41,1006200
03/16/2017,6.42,6.67,6.38,6.62,6.62,1226500
03/17/2017,6.51,6.66,6.45,6.57,6.57,2827300
03/20/2017,6.56,6.59,6.38,6.51,6.51,766000
03/21/2017,6.53,6.59,6.27,6.42,6.42,1056000
03/22/2017,6.42,6.49,6.34,6.42,6.42,593000
03/23/2017,6.38,6.74,6.26,6.55,6.55,1063500
03/24/2017,6.55,6.68,6.54,6.61,6.61,521300
03/27/2017,6.55,6.75,6.52,6.69,6.69,502500
03/28/2017,6.69,6.75,6.53,6.57,6.57,470700
03/29/2017,6.58,6.65,6.47,6.58,6.58,667400
03/30/2017,6.6,6.6,6.42,6.53,6.53,638600
03/31/2017,6.54,6.58,6.36,6.5,6.5,580900
04/03/2017,6.49,6.63,6.37,6.38,6.38,546100
04/04/2017,6.38,6.54,6.34,6.49,6.49,549900
04/05/2017,6.51,6.52,6.14,6.19,6.19,909700
04/06/2017,6.22,6.3,6.05,6.16,6.16,778700
04/07/2017,6.16,6.24,6.09,6.2,6.2,586000
04/10/2017,6.22,6.45,6.15,6.34,6.34,515300
04/11/2017,6.32,6.4,6.15,6.25,6.25,706800
04/12/2017,6.2,6.25,6.1,6.11,6.11,531500
04/13/2017,6.1,6.4,6.09,6.32,6.32,524400
04/17/2017,6.32,6.43,6.3,6.41,6.41,356400
04/18/2017,6.37,6.42,6.24,6.39,6.39,443300
04/19/2017,6.44,6.52,6.37,6.48,6.48,475000
04/20/2017,6.5,6.98,6.47,6.97,6.97,1744800
04/21/2017,6.95,7.19,6.77,7.09,7.09,1464800
04/24/2017,7.22,7.42,7.11,7.31,7.31,1171900
04/25/2017,7.37,7.74,7.33,7.63,7.63,1479300
04/26/2017,7.57,8,7.54,7.93,7.93,1748900
04/27/2017,7.9,7.96,7.66,7.86,7.86,740200
04/28/2017,7.85,7.89,7.58,7.61,7.61,686500
05/01/2017,7.65,7.79,7.58,7.7,7.7,682300
05/02/2017,7.73,7.78,7.4,7.53,7.53,949300
05/03/2017,6.99,7.19,6.6,6.66,6.66,1725500
05/04/2017,6.65,6.77,6.47,6.5,6.5,899800
05/05/2017,6.5,6.58,6.31,6.39,6.39,1598900
05/08/2017,6.39,6.39,6.1,6.12,6.12,870500
05/09/2017,6.18,6.22,6.02,6.1,6.1,778200
05/10/2017,6.01,6.19,5.9,6.03,6.03,920900
05/11/2017,6.03,6.14,5.97,5.99,5.99,592000
05/12/2017,6,6.09,5.92,6.03,6.03,885700
05/15/2017,6,6.14,6,6.05,6.05,481600
05/16/2017,6.04,6.09,5.96,6.02,6.02,555100
05/17/2017,5.9,5.96,5.78,5.78,5.78,576100
05/18/2017,5.75,5.9,5.66,5.74,5.74,862900
05/19/2017,5.71,5.8,5.67,5.75,5.75,511100
05/22/2017,5.79,5.94,5.69,5.93,5.93,745600
05/23/2017,5.99,6.07,5.9,6,6,482700
05/24/2017,6.03,6.14,5.92,6.09,6.09,531500
05/25/2017,6.11,6.14,5.91,5.92,5.92,368900
05/26/2017,5.92,5.99,5.69,5.75,5.75,540600
05/30/2017,5.72,5.77,5.6,5.6,5.6,466500
05/31/2017,5.64,5.68,5.47,5.66,5.66,488800
06/01/2017,5.65,5.84,5.65,5.82,5.82,559100
06/02/2017,5.81,6,5.77,5.96,5.96,383500
06/05/2017,5.92,6.08,5.85,5.95,5.95,466200
06/06/2017,5.89,6.04,5.83,5.95,5.95,514300
06/07/2017,5.93,6.13,5.87,6.12,6.12,435200
06/08/2017,6.13,6.43,6.1,6.4,6.4,590000
06/09/2017,6.41,6.64,6.28,6.41,6.41,768400
06/12/2017,6.41,6.62,6.33,6.48,6.48,524000
06/13/2017,6.46,6.55,6.39,6.49,6.49,385800
06/14/2017,6.52,6.58,6.38,6.5,6.5,507100
06/15/2017,6.41,6.63,6.38,6.46,6.46,353100
06/16/2017,6.42,6.57,6.4,6.5,6.5,1399100
06/19/2017,6.55,6.75,6.5,6.68,6.68,474900
06/20/2017,6.67,7.02,6.65,6.87,6.87,517600
06/21/2017,6.9,7.19,6.9,7.14,7.14,591600
06/22/2017,7.15,7.43,7.14,7.38,7.38,509900
06/23/2017,7.39,7.46,7.24,7.38,7.38,1639700
06/26/2017,7.43,7.59,7.34,7.54,7.54,1265100
06/27/2017,7.55,7.72,7.46,7.56,7.56,961100
06/28/2017,7.64,7.74,7.57,7.72,7.72,790000
06/29/2017,7.75,7.75,7.34,7.42,7.42,683400
06/30/2017,7.4,7.6,7.3,7.45,7.45,568300
07/03/2017,7.48,7.54,7.36,7.51,7.51,283700
07/05/2017,7.5,7.55,7.36,7.49,7.49,660600
07/06/2017,7.45,7.46,7.25,7.29,7.29,545300
07/07/2017,7.33,7.38,7.3,7.32,7.32,362000
07/10/2017,7.29,7.36,7.19,7.28,7.28,304800
07/11/2017,7.29,7.36,7.2,7.29,7.29,734200
07/12/2017,7.35,7.43,7.21,7.41,7.41,1530700
07/13/2017,7.44,7.54,7.35,7.51,7.51,1833900
07/14/2017,7.5,7.55,7.47,7.53,7.53,833100
07/17/2017,7.51,7.68,7.5,7.68,7.68,1367300
07/18/2017,7.65,7.73,7.52,7.71,7.71,741100
07/19/2017,7.75,7.87,7.6,7.86,7.86,682000
07/20/2017,7.87,8.2,7.87,8.04,8.04,1545700
07/21/2017,8.13,8.21,8.07,8.12,8.12,696700
07/24/2017,8.17,8.26,8.09,8.25,8.25,474100
07/25/2017,8.28,8.28,8.01,8.02,8.02,562300
07/26/2017,8,8.05,7.81,7.87,7.87,413500
07/27/2017,7.86,7.9,7.29,7.36,7.36,819500
07/28/2017,7.32,7.56,7.3,7.53,7.53,512100
07/31/2017,7.54,7.56,7.36,7.46,7.46,334600
08/01/2017,7.51,7.58,7.39,7.42,7.42,385500
08/02/2017,7.43,7.48,7.3,7.39,7.39,301800
08/03/2017,7.39,7.47,7.12,7.33,7.33,375300
08/04/2017,8.02,9.09,7.85,8.96,8.96,3250100
08/07/2017,8.97,9.01,8.7,8.95,8.95,1633000
08/08/2017,8.99,9.27,8.92,9.01,9.01,1021700
08/09/2017,8.97,9.22,8.94,9.15,9.15,1770100
08/10/2017,9.06,9.1,8.57,8.75,8.75,1458800
08/11/2017,8.74,9.25,8.7,9.23,9.23,1439600
08/14/2017,9.2,9.7,9.2,9.48,9.48,1568500
08/15/2017,9.55,9.56,9.37,9.38,9.38,845400
08/16/2017,9.48,9.6,9.2,9.5,9.5,745900
08/17/2017,9.46,9.6,9.39,9.45,9.45,798300
08/18/2017,9.36,9.51,9.32,9.4,9.4,1166200
08/21/2017,9.41,9.48,9.21,9.37,9.37,387000
08/22/2017,9.41,9.45,9.27,9.37,9.37,596600
08/23/2017,9.31,9.46,9.28,9.4,9.4,422000
08/24/2017,9.45,9.49,9.35,9.4,9.4,711200
08/25/2017,9.47,9.47,9.35,9.36,9.36,409100
08/28/2017,9.46,9.51,9.26,9.44,9.44,876500
08/29/2017,9.39,9.44,9.31,9.41,9.41,541100
08/30/2017,9.36,9.49,9.35,9.43,9.43,919400
08/31/2017,9.45,9.93,9.45,9.76,9.76,1124700
09/01/2017,9.79,9.96,9.62,9.88,9.88,713900
09/05/2017,9.86,10.08,9.75,9.9,9.9,682600
09/06/2017,9.93,10.01,9.86,9.95,9.95,978000
09/07/2017,9.99,10.37,9.89,10.32,10.32,767100
09/08/2017,10.32,10.77,10.3,10.62,10.62,1050400
09/11/2017,10.74,10.75,10.15,10.27,10.27,911200
09/12/2017,10.35,10.35,9.97,10.15,10.15,966900
09/13/2017,10.19,10.24,10.07,10.09,10.09,565100
09/14/2017,10.09,10.16,10.04,10.07,10.07,576400
09/15/2017,10.1,10.25,9.89,10.17,10.17,2631800
09/18/2017,10.25,10.29,10.02,10.1,10.1,1296200
09/19/2017,10.1,10.19,10.06,10.1,10.1,1146600
09/20/2017,10.09,10.16,9.93,9.94,9.94,826500
09/21/2017,9.9,9.98,9.79,9.81,9.81,4501200
09/22/2017,9.85,9.9,9.03,9.45,9.45,1947100
09/25/2017,9.57,9.93,9.55,9.84,9.84,1093100
09/26/2017,9.85,9.99,9.78,9.9,9.9,1026400
09/27/2017,9.94,11.05,9.93,10.97,10.97,2192600
